hash,benchmark,verified-result,claimed-result,CaDiCaL-watchsat-lto,CaDiCaL_DVDL_V1,CaDiCaL_DVDL_V2,CadicalReorder,Cadical_ESA,IsaSAT,Kissat-MAB-rephasing,Kissat_MAB-HyWalk,Kissat_MAB_ESA,Kissat_MAB_MOSS,Kissat_MAB_UCB,Kissat_adaptive_restart,Kissat_cfexp,LSTech_CaDiCaL,LSTech_Maple,LSTech_kissat,LStech-Maple-BandSAT,LStech-Maple-FPS,LStech-Maple-HyWalk,MapleLCMDistChrBt-DL-v3,MergeSat 4.0-rc-rc3,SLIME SC-2022,SLIME SC-2022-alpha,SLIME SC-2022-beta,SLIME SC-2022-gamma,SeqFROST-ERE-All,SeqFROST-NoExtend,cadical-hack-gb,cadical_rel_Scavel,ekissat-mab-db-v1,ekissat-mab-db-v2,ekissat-mab-gb-db,glucose-reboot,hCaD_V1-psids,hCaD_V2,hKis-psids,hKis-sat,hKis-unsat,kissat-els-v1,kissat-els-v2,kissat-els-v3,kissat-els-v4,kissat-mab-gb,kissat-sc2022-bulky,kissat-sc2022-hyper,kissat-sc2022-light,kissat-watchsat-lto,kissat_inc,kissat_pre,kissat_relaxed
00a62eb89afbf27e1addf8f5c437da9b,ortholatin-7.cnf.xz,sat,sat,3.43583,6.21002,6.12484,19.8088,5.54996,72.2971,9.81563,23.9179,28.3507,24.9864,25.0108,9.5509,9.31075,19.6436,16.9718,13.0335,69.4179,37.4427,51.0981,28.4681,34.1585,18.4128,25.5493,53.5087,85.9711,11.0557,10.993,5.3632,20.5392,14.705,13.7893,16.2034,52.7764,23.887,16.7981,27.0319,7.96135,40.586,31.2267,9.31971,12.0079,14.9862,5.61354,16.1187,14.4573,31.2159,13.6683,17.4987,13.4347,16.1929
0151bedac526ee195bc52e4134cd80e7,ssAES_4-4-8_round_8-10_faultAt_8_fault_injections_2_seed_1579630418.cnf.xz,sat,sat,4066.65,3664.96,10000.0,10000.0,10000.0,10000.0,10000.0,10000.0,10000.0,10000.0,10000.0,1483.04,10000.0,4008.46,10000.0,10000.0,10000.0,10000.0,10000.0,10000.0,10000.0,4961.18,10000.0,10000.0,10000.0,3607.56,10000.0,10000.0,10000.0,10000.0,10000.0,10000.0,10000.0,10000.0,10000.0,10000.0,10000.0,10000.0,10000.0,10000.0,10000.0,10000.0,10000.0,10000.0,10000.0,2994.87,3769.09,10000.0,10000.0,10000.0
01813075a2ddb68ae1fc655ca003437e,sha256__zeroOut_12__freeIn_16__seed_1.cnf.xz,sat,sat,3111.86,2866.85,2538.31,2364.97,2697.8,10000.0,3943.73,3012.23,10000.0,4124.22,10000.0,4629.91,10000.0,2260.46,273.158,4743.45,954.145,1308.93,643.297,1227.69,10000.0,530.218,460.093,746.808,833.727,2585.21,1739.8,2867.51,2495.7,2607.64,3356.93,2606.64,2447.11,2204.83,2373.69,10000.0,10000.0,10000.0,1374.75,10000.0,10000.0,10000.0,10000.0,10000.0,10000.0,10000.0,10000.0,3240.57,10000.0,10000.0
0205e0724a8a912dde9ad7dfba2aee0b,003-23-80.cnf.xz,sat,sat,10000.0,10000.0,10000.0,3326.1,10000.0,10000.0,718.342,3444.73,10000.0,1396.51,3408.35,4919.13,1344.49,10000.0,150.342,638.486,1341.79,349.413,221.194,10000.0,10000.0,4119.59,313.67,1319.53,4284.07,10000.0,1529.77,10000.0,10000.0,412.016,1623.37,407.467,10000.0,10000.0,626.184,10000.0,905.613,2367.32,3902.05,314.976,1634.16,1695.74,310.38,2156.71,10000.0,1947.73,1171.08,1863.66,1367.39,1137.49
02223564bd2f5c20768e63cf28c785e3,mp1-squ_ali_s10x10_c39_abio_SAT.cnf.xz,sat,sat,40.8057,258.305,645.442,175.799,48.6696,31.1526,192.595,53.8477,3.75583,42.7237,12.9892,365.569,83.4782,875.486,0.556046,0.546514,60.3126,8.89117,60.1948,207.806,254.723,166.179,173.961,71.7559,109.753,196.831,202.279,856.509,196.618,92.5597,35.5611,150.916,1.63624,321.589,69.8869,278.801,11.1502,24.0181,6.73914,27.026,60.8609,39.1659,12.5092,271.324,55.038,215.376,246.161,94.8893,35.8221,3.21379
0240f5bddc39ad2f0a786c811fc434a8,SC21_Timetable_C_542_E_71_Cl_36_S_35.cnf.xz,sat,sat,144.527,366.021,261.386,546.497,363.252,10000.0,160.29,385.566,756.66,496.525,590.857,556.812,315.388,580.893,361.897,622.921,559.915,207.795,559.387,747.731,1452.71,765.383,820.696,764.196,3091.11,257.168,98.6355,251.337,158.471,619.945,575.363,328.641,10000.0,10000.0,946.217,10000.0,744.898,10000.0,618.373,201.629,85.4459,321.077,380.927,240.604,191.945,93.4446,207.507,152.328,143.872,372.338
024af9416f8c1dad1b4f974757e38d51,8-5-6.cnf.xz,sat,sat,10000.0,1809.71,4455.1,4377.57,1604.88,10000.0,803.474,1774.91,880.198,4904.69,1770.8,2186.92,10000.0,10000.0,1860.92,825.253,10000.0,10000.0,10000.0,10000.0,10000.0,10000.0,10000.0,10000.0,10000.0,10000.0,10000.0,4463.01,10000.0,1489.74,10000.0,3512.42,10000.0,10000.0,10000.0,10000.0,10000.0,2523.91,1632.6,378.199,862.771,480.595,3987.48,1983.76,2750.76,613.779,1163.0,1032.07,1811.99,580.995
02f2343e32f9070f149708d77556b4aa,Kakuro-easy-117-ext.xml.hg_5.cnf.xz,sat,sat,427.106,1024.95,1023.07,1236.1,416.437,1438.37,670.08,246.322,492.345,240.223,239.997,309.899,1240.74,973.338,581.93,388.759,608.371,327.303,327.497,855.389,699.995,786.944,1003.45,915.007,586.234,431.945,343.417,490.122,1061.23,154.444,247.809,271.17,840.628,883.521,457.712,10000.0,449.611,395.301,391.209,401.237,437.357,584.249,169.73,356.175,328.981,325.051,1014.25,220.913,245.509,257.736
03ba29d5cb38d345357a74a7b5ccd759,20-100-lambda100-49_sat.cnf.xz,sat,sat,27.2633,76.8526,117.841,99.8335,84.3935,912.515,105.837,89.4716,90.8806,115.896,89.786,49.4322,202.537,88.096,61.1124,40.193,109.667,7.82322,88.3329,308.116,523.765,174.731,226.917,138.04,281.251,354.394,349.077,84.0222,86.2534,118.629,109.736,143.32,233.734,228.2,231.642,183.571,117.829,116.622,106.052,112.94,165.931,147.496,154.988,138.16,98.8792,95.3226,233.776,110.083,155.822,124.981
03bb7baaa45980753a0e7050ae44755d,atco_enc3_opt1_03_53.cnf.xz,sat,sat,1272.36,1435.87,1455.1,3391.45,1388.27,4345.43,721.751,639.422,699.069,618.678,622.085,453.186,773.005,1628.82,827.62,793.993,3524.12,283.214,894.352,756.858,1554.52,1010.32,1765.5,655.876,629.128,570.291,1074.07,1374.7,1416.22,797.252,561.456,566.266,556.194,3989.51,1655.27,2926.8,879.347,1145.48,304.58,1009.56,318.89,600.13,626.179,407.117,68.0351,172.175,336.586,707.081,753.659,587.48
03fb9af7b390fe9e0739150ca3410cf0,4g_5color_166_100_02.cnf.xz,sat,sat,1414.75,1418.88,1328.05,428.971,646.925,1343.08,2152.05,40.6217,487.54,487.002,484.797,1411.66,19.1095,501.892,2596.63,192.219,1906.44,1894.62,1904.32,10000.0,10000.0,10000.0,10000.0,10000.0,10000.0,662.544,662.221,570.657,658.12,39.4374,1336.21,38.2853,58.3271,400.661,154.134,2709.2,650.36,348.05,994.09,67.7188,99.5894,3722.85,487.51,1409.5,713.515,82.0386,690.686,643.416,668.986,373.409
047fbe00ecc60835f1ee9d458bbd7ee8,SAT_H_instances_childsnack_p06.hddl_2.cnf.xz,sat,sat,23.0861,21.3482,21.3914,22.3062,21.4341,23.6592,12.5197,16.5193,15.3379,15.4103,15.3742,12.5176,11.2315,21.5552,10000.0,55.663,2355.89,2102.77,2077.73,2324.42,414.869,2317.58,2303.74,2252.27,2289.75,42.9423,42.7883,22.0845,23.4143,14.9331,15.3056,15.0783,21.2608,21.3128,21.2737,11.1555,19.691,20.675,12.8215,12.689,12.9448,13.2269,15.4665,18.9348,11.9296,12.1054,12.4094,15.1418,32.9884,1606.86
048142b6048cb6c10415e08f68a2c3a3,GP_81_430_13.cnf.xz,sat,sat,12.5664,11.4755,11.5254,12.137,11.592,10000.0,2888.44,2673.31,1882.88,2738.79,3201.47,10000.0,1552.18,24.3324,10000.0,10000.0,2289.01,2690.16,2206.54,3646.28,3457.96,1640.82,829.767,445.64,1213.55,74.3325,36.9898,11.6922,12.0503,3158.01,3145.05,3166.33,1761.21,11.6501,11.5547,10000.0,1743.48,2292.76,10000.0,3105.67,2287.88,4959.73,2893.4,3200.61,1514.89,1032.1,3700.49,3138.69,3163.75,1074.05
048a70da40ea4908c783b8314be2da97,aes_32_2_keyfind_1.cnf.xz,sat,sat,10000.0,10000.0,1063.88,1867.15,10000.0,2497.18,225.36,4348.48,10000.0,2328.84,10000.0,2890.57,10000.0,10000.0,626.013,10000.0,2129.86,10000.0,10000.0,10000.0,10000.0,10000.0,311.728,1174.22,10000.0,10000.0,10000.0,10000.0,10000.0,10000.0,10000.0,374.077,1745.19,171.632,578.677,1591.18,51.5605,3041.66,10000.0,1401.47,10000.0,10000.0,10000.0,10000.0,10000.0,10000.0,3920.48,10000.0,10000.0,10000.0
0616ca6b1e0ae639d12e19ed310963a9,satcoin-genesis-SAT-4.cnf.xz,sat,sat,1.3179,1.24741,1.2491,0.692157,1.57407,10000.0,37.0274,23.275,21.1116,26.1073,26.0315,25.5269,2.63037,1.25777,96.6689,588.838,5.53355,5.73023,5.53205,3.2332,22.7107,6.64056,6.87496,220.765,87.8413,1.90743,1.8782,1.25756,1.59771,42.7915,10.2815,82.4596,10000.0,1.3717,1.40527,88.6422,91.8297,4.21232,24.4532,21.0437,6.35327,16.8208,91.0667,19.8417,27.8776,10000.0,61.3326,30.2652,13.4558,70.138
072785fd927ff0fd180ce8b9cc00078f,20180321_140826713_p_cnf_320_1120.cnf.xz,sat,sat,19.2292,50.4689,49.4917,10.9584,42.8376,10000.0,21.0462,0.37619,0.412935,0.409476,0.408485,88.2779,1.80087,6.64385,0.04022,0.039903,4.17851,0.094982,0.046636,896.282,10000.0,0.03684,0.036957,0.036976,0.036935,9.5344,9.55231,29.0975,0.293749,0.842823,10.1006,1.06165,2.11117,10000.0,10000.0,39.7762,4.53194,1.1676,7.99604,0.294297,12.3736,3.27394,0.858369,1.47377,32.1459,4.66966,434.488,0.840513,4.62669,4.78534
0810eb03d022334fdd1d5a6ad4969d47,gss-18-s100.cnf.xz,sat,sat,55.4511,19.6796,20.4087,276.485,20.2468,1901.62,177.904,147.121,154.977,54.9187,162.282,184.769,142.668,288.711,398.607,220.443,232.061,269.771,399.847,371.766,268.415,686.813,439.812,338.008,578.844,192.77,125.19,95.4788,95.9133,203.954,243.867,32.9064,470.14,207.698,114.959,273.411,191.448,117.964,212.233,65.078,230.802,234.96,74.5802,143.285,157.206,230.128,217.979,198.196,59.7407,244.91
0842eb01dc00232edc0b26ccb2f19f25,6-4-6-sc2018.cnf.xz,sat,sat,10000.0,10000.0,10000.0,10000.0,10000.0,10000.0,10000.0,10000.0,10000.0,10000.0,10000.0,1794.16,10000.0,10000.0,10000.0,3277.03,10000.0,10000.0,10000.0,10000.0,10000.0,10000.0,10000.0,10000.0,10000.0,10000.0,10000.0,10000.0,4362.19,10000.0,10000.0,10000.0,10000.0,10000.0,10000.0,10000.0,3881.16,10000.0,10000.0,36.846,691.914,10000.0,10000.0,10000.0,1386.85,1673.77,901.295,10000.0,10000.0,10000.0
085b8ebc423dcbd70eceaa04229cf5cd,summle_X111102_steps8_I1-2-2-4-4-8-25-100.cnf.xz,sat,sat,244.522,453.803,998.301,39.7593,148.168,284.545,72.4669,439.16,61.6066,101.294,430.818,253.664,592.969,137.867,64.9988,119.719,168.149,56.5145,52.4966,155.17,52.0256,29.2565,244.856,20.2488,35.997,313.145,87.7627,859.424,60.0413,191.34,270.088,68.91,32.1149,1117.64,719.28,1070.4,623.992,231.005,250.587,40.7514,43.9207,113.821,95.341,225.96,24.9508,71.9274,97.7191,87.7294,59.5197,392.851
089456508f74be2d96f4112cc495f80a,Eternity-10-06_c18.cnf.xz,sat,sat,1801.16,872.115,447.974,545.07,2609.26,662.364,73.6031,587.619,728.18,726.452,562.359,830.853,29.4203,2657.34,383.567,118.045,121.385,536.711,284.084,2562.43,1959.74,2338.57,997.731,354.741,117.516,1884.62,413.937,639.713,594.169,1257.11,952.432,808.524,1171.56,844.637,312.088,1364.56,462.584,8.13042,629.915,113.511,2102.03,404.507,605.765,787.411,763.544,1514.93,3009.29,349.302,235.979,409.175
08e151e72fe10402a49463171aa557e8,abw-V-nos6.mtx-w220.cnf.xz,sat,sat,489.869,541.117,586.632,3223.36,10000.0,10000.0,10000.0,1105.89,3138.68,2028.16,1946.77,10000.0,827.876,1662.68,1391.73,3853.87,1842.85,2291.97,802.315,10000.0,10000.0,2871.13,10000.0,10000.0,2150.13,1012.06,1006.59,2030.88,2933.14,1064.45,1766.59,1147.01,10000.0,10000.0,2432.81,10000.0,2898.21,10000.0,1877.45,10000.0,438.891,2709.04,1683.69,2393.06,3472.43,10000.0,10000.0,1400.49,2383.01,10000.0
090585dc32a79f2bf6fb61a2c7079682,mdp-28-16-sat.cnf.xz,sat,sat,271.065,303.926,587.064,293.163,226.992,603.914,335.08,1394.05,754.419,1203.04,374.062,54.5999,626.858,681.648,1287.38,1124.16,309.323,1447.29,1037.62,585.431,4826.52,1878.38,444.372,2344.36,2777.72,1006.78,1012.33,357.073,280.506,303.402,1484.2,2868.96,290.93,1200.3,95.1946,76.9864,958.781,18.95,777.181,926.177,572.185,325.365,611.518,423.717,311.206,1457.08,1731.72,1672.19,400.947,149.764
09d8544494e54bc756438e69567b4ba7,mp1-klieber2017s-0300-034-t12.cnf.xz,sat,sat,139.596,171.58,173.668,148.781,134.381,10000.0,207.495,78.9563,184.74,183.142,208.252,105.041,142.012,186.245,450.92,128.656,10000.0,1040.73,3120.52,2259.5,587.205,10000.0,10000.0,679.87,10000.0,86.5582,44.6488,60.4442,75.3738,90.4554,131.473,182.748,777.26,97.4049,96.0943,54.7272,151.114,55.3899,83.6561,97.1269,57.6097,136.862,91.4533,93.8271,93.7864,81.4734,98.1232,133.517,52.4835,186.041
0b4421f6aac81e2dbc87c5b5ddae6511,52bits_12.dimacs.cnf.xz,sat,sat,154.394,3738.7,1186.95,2488.63,1753.05,10000.0,10000.0,2594.94,2255.29,10000.0,289.337,4734.59,1417.73,699.3,3820.69,2817.92,4362.66,1188.82,3977.9,3039.49,10000.0,386.108,284.972,2597.72,4691.1,10000.0,10000.0,1094.46,4742.67,10000.0,4898.88,1619.81,263.952,548.256,630.301,2136.46,1199.15,1640.07,10000.0,2305.32,3811.02,1730.83,938.715,878.192,3176.4,2669.22,10000.0,1477.06,3054.04,2699.62
0c0e6faa4abb622f5bea636ff04d341d,grid-color-12-14-2-cb.cnf.xz,sat,sat,394.951,213.688,2621.43,86.008,702.785,2533.5,529.683,290.946,247.143,443.027,248.038,3994.93,1968.25,2475.53,18.5458,153.237,120.769,9.83323,9.49638,10000.0,1684.97,870.006,2264.06,208.97,1607.16,13.0634,13.2918,676.639,701.118,66.4603,1405.02,136.798,1562.91,10000.0,357.42,1714.15,926.467,113.983,2759.25,1197.39,53.7187,38.2809,253.734,626.714,10000.0,10000.0,2571.3,576.076,300.964,1186.23
0c5d7e7aa3dd6024816078d2bdcfc4e3,Carry_Bits_Fast_8.cnf.cnf.xz,sat,sat,18.1403,94.5079,21.6045,25.6209,29.9425,1761.39,23.2466,90.9451,192.634,133.747,109.384,691.845,66.3421,30.9243,10000.0,194.154,2159.86,10000.0,2160.93,1998.03,10000.0,944.903,860.285,261.395,157.922,72.8976,42.0056,24.4081,27.7879,586.771,175.421,265.692,0.233618,82.0943,17.7465,47.0159,33.1632,199.873,10.5557,10.9288,125.124,17.7647,35.5338,379.182,16.7817,8.96409,17.1164,124.692,189.932,16.5949
0c75119940f87f2bc1dc3f53aeedc02b,20-100-lambda100-89_sat.cnf.xz,sat,sat,328.256,377.406,367.088,370.21,460.571,2330.34,307.895,358.858,432.985,359.531,351.184,167.31,227.667,331.351,365.277,138.865,509.943,230.115,313.859,514.23,774.252,640.985,681.183,607.779,153.329,308.857,369.5,367.332,363.987,284.933,522.54,533.332,733.06,333.551,383.447,508.128,445.081,525.771,415.005,168.793,295.889,247.018,291.306,384.288,304.875,407.099,331.309,407.428,347.003,409.209
0d209cb420326994f9c4898eb10228ab,008-80-8.cnf.xz,sat,sat,1849.96,2589.92,1139.95,1764.28,357.348,1978.72,209.335,905.279,1702.05,1801.92,890.25,472.121,1436.28,252.51,851.613,1536.13,470.184,640.27,823.433,480.76,578.197,357.34,551.922,450.824,576.737,1743.53,2837.28,2635.95,2067.62,369.203,2075.78,479.214,86.8413,278.87,525.054,1331.56,1344.79,1687.32,914.849,2313.41,1661.85,2383.05,1079.64,467.469,727.936,867.519,2027.7,728.958,454.076,1655.68
0d4970edf84353e5a5798bca3f7f270e,SAT_H_instances_childsnack_p10.hddl_2.cnf.xz,sat,sat,62.7606,55.9748,56.3284,58.6838,57.1739,63.3531,83.3965,48.9835,48.0373,48.3543,48.1066,57.0967,34.731,55.9613,10000.0,118.834,10000.0,10000.0,10000.0,10000.0,438.639,10000.0,10000.0,10000.0,10000.0,121.335,120.567,57.012,60.7186,46.2984,46.442,93.1343,59.673,55.1127,55.547,43.8795,54.3877,72.1582,58.4573,57.6736,58.2834,58.7814,48.2118,57.7126,50.9278,49.4787,76.7779,54.3461,96.4089,4923.25
0dcd0ec81c5e8dc13b72d43a4940279b,hantzsche_wendt_unit_147.cnf.xz,sat,sat,10000.0,4492.93,10000.0,10000.0,10000.0,10000.0,4982.12,10000.0,1129.77,10000.0,10000.0,10000.0,1057.41,10000.0,10000.0,545.314,567.322,2279.97,2307.04,10000.0,10000.0,10000.0,3574.13,10000.0,10000.0,10000.0,10000.0,10000.0,10000.0,510.009,3633.03,1360.62,10000.0,10000.0,4524.21,10000.0,4532.71,4204.31,3082.51,10000.0,1092.48,3984.73,1848.61,2755.43,10000.0,4936.98,2673.91,784.02,735.234,4592.57
0e775873f4c4bbc81ff92b87dd3e15e8,grid-strips-grid-y-3.045-NOTKNOWN.cnf.xz,sat,sat,1320.33,1159.29,1293.64,1299.25,627.574,1171.27,209.387,341.232,296.824,437.935,437.022,297.159,158.793,760.223,156.546,286.309,481.437,668.631,243.281,773.386,924.466,1059.23,465.08,520.798,665.188,277.406,386.121,1262.93,1662.53,467.918,760.508,342.346,700.98,4200.0,443.719,893.642,51.862,987.158,297.006,132.334,140.25,54.0865,671.752,287.718,592.469,396.549,313.45,300.773,91.4829,291.426
129162378e8ad29b5485a9c53feee4b7,hantzsche_wendt_unit_93.cnf.xz,sat,sat,1535.44,1228.75,1133.02,536.125,890.38,1395.08,323.899,25.3441,24.2049,24.2406,24.3209,1171.54,285.829,716.15,204.645,249.857,25.0431,829.671,195.842,321.786,158.219,185.486,1068.87,141.137,269.149,1068.57,1074.59,1323.99,539.708,548.646,166.978,484.772,583.937,408.443,1481.8,278.696,174.909,87.7821,352.846,421.415,252.844,350.271,210.968,593.957,579.632,1066.59,1149.11,172.37,35.6735,268.829
157c7496c04d3fc63565cd7999dc45a5,Carry_Save_Fast_1.cnf.cnf.xz,sat,sat,103.058,92.9955,204.547,11.1877,152.268,10000.0,192.458,42.5358,219.499,381.37,41.4896,13.3519,74.3867,165.343,966.745,55.0573,3009.74,357.757,10000.0,232.491,10000.0,304.005,342.981,64.7928,61.1617,148.343,14.6586,444.101,140.265,12.1892,330.528,73.0083,0.238761,91.8238,28.8744,171.334,32.1884,132.308,126.272,13.6189,842.149,133.123,392.18,190.931,57.9838,188.588,430.807,85.2856,0.340905,33.6166
1ebab99edff4c0470c8aa753bb9d3353,summle_X8637_steps8_I1-2-2-4-4-8-25-100.cnf.xz,sat,sat,120.212,44.4484,46.2029,199.906,43.9383,407.93,74.3211,160.307,46.5139,102.065,48.3789,208.915,131.399,203.483,72.5511,188.129,48.1431,35.3652,37.9341,36.7077,107.106,105.288,88.5571,218.923,14.7394,160.752,294.655,89.0174,42.5729,324.759,48.0444,45.0126,185.418,237.294,146.925,210.163,88.5856,97.2377,117.0,87.6296,295.343,39.9145,94.1785,26.6837,23.2673,67.4684,60.8632,109.154,57.7069,61.5624
1fee9f154615842029ec63d8520f4b4e,GP_300_250_15.cnf.xz,sat,sat,28.1167,25.6741,25.8894,26.7536,25.9591,10000.0,3255.56,1999.28,1146.58,2792.47,3256.58,3069.72,10000.0,27.3401,10000.0,10000.0,10000.0,10000.0,10000.0,2294.02,10000.0,3600.04,4914.39,3779.66,3050.57,81.8189,81.7908,26.1484,26.5614,2793.55,10000.0,10000.0,10000.0,26.2061,51.276,10000.0,4834.96,3353.34,1777.74,1790.14,10000.0,3026.75,3661.54,3583.21,3468.66,4801.76,10000.0,2021.68,3710.74,2558.59
24af39156d1daa122e5928d9aba11847,GP_100_948_33.cnf.xz,sat,sat,33.9559,30.7876,30.7012,31.9496,30.7628,10000.0,10000.0,10000.0,10000.0,10000.0,10000.0,10000.0,10000.0,34.3091,10000.0,10000.0,10000.0,10000.0,10000.0,10000.0,10000.0,2229.57,10000.0,4877.22,3275.09,174.997,166.564,31.3888,31.5267,10000.0,10000.0,10000.0,10000.0,31.3283,31.1144,2817.03,10000.0,10000.0,10000.0,10000.0,10000.0,10000.0,10000.0,10000.0,10000.0,10000.0,10000.0,10000.0,10000.0,10000.0
2551afad6b364a7225cdd1b9fa82f7c0,worker_500_500_500_0.35.cnf.xz,sat,sat,57.7833,53.3171,53.7852,34.4986,49.1036,9.86056,4.67096,7.02033,6.36784,6.35178,6.28464,5.08081,31.5084,25.1782,142.478,41.2495,120.608,111.791,112.509,10000.0,10000.0,127.105,127.726,127.376,127.726,31.4375,31.6221,49.411,50.8616,5.49745,5.41081,5.76809,113.562,1443.78,55.6133,17.8656,20.8682,7.28294,4.67992,5.08634,4.69748,4.51717,6.3771,5.12977,4.45173,4.4305,4.4827,6.088,11.385,238.251
2748e075d4b636ef260271a35302049b,cfi-rigid-t2-0048-01-or_3.cnf.xz,sat,sat,7.87891,234.303,912.656,32.8868,604.289,73.8429,101.591,7.30537,6.55772,6.54897,6.56753,212.722,54.8062,7.46466,299.926,30.5291,300.965,287.513,311.338,369.972,380.423,355.726,431.878,345.097,377.771,16.6808,16.6361,155.766,617.4,2.77179,187.704,2.78049,267.412,109.112,125.342,53.4616,47.6501,16.304,182.636,104.443,123.709,62.7366,119.037,6.06327,43.2205,43.8231,43.7523,86.7057,93.4185,738.206
27d9905476897885d29cea2744db9805,coreJSON:skipCollection.cnf.xz,sat,sat,932.022,924.995,911.365,74.7677,877.763,10000.0,2464.23,332.205,323.149,323.951,323.512,2473.96,441.076,879.957,10000.0,10000.0,1071.85,1196.27,1182.46,1372.94,1767.79,1635.41,2101.67,969.63,931.211,190.1,189.524,869.987,888.244,411.161,417.442,416.399,462.247,302.518,143.39,536.346,888.988,546.456,2306.44,2477.2,2482.84,2441.15,458.877,1715.03,1254.43,1201.31,2417.9,421.674,83.8377,986.706
285cb2c9735ac73cad999fba3d669382,summle_X8634_steps8_I1-2-2-4-4-8-25-100.cnf.xz,sat,sat,48.3906,58.1603,58.0229,38.6536,55.3643,843.761,63.1326,100.06,193.236,95.17,189.42,45.2856,64.9582,54.834,22.5623,75.6536,58.5255,12.5801,39.7075,29.753,163.777,98.1883,26.1613,27.5094,147.784,328.516,148.428,146.929,145.826,90.7885,211.408,96.4586,48.9687,132.277,147.465,458.357,28.6468,49.1853,75.4444,32.8394,39.4162,209.293,14.901,62.5085,23.4628,86.9924,22.4406,63.55,58.607,51.6555
28b715dd946dba71ddd58a73d9f82c39,pj2005_k80.cnf.xz,sat,sat,2389.56,2277.37,2437.73,2094.26,10000.0,10000.0,2728.87,1895.12,2080.29,1832.42,1797.16,2945.65,4901.82,2037.44,1930.53,10000.0,10000.0,3113.52,10000.0,3473.24,4359.68,10000.0,2771.44,4433.85,4459.04,724.673,1552.14,2469.0,2119.17,1825.23,1890.35,1664.99,4649.73,2305.27,1646.89,1784.03,2300.48,1154.23,2633.02,3029.35,3067.94,3226.13,1781.36,2651.85,2477.13,1979.72,2324.83,1857.4,1681.62,1717.11
294924aff67e879595e55f15b10a79ef,grid-color-12-14-6-cb.cnf.xz,sat,sat,895.22,10000.0,4037.21,2474.51,801.422,11.2925,10000.0,220.349,143.533,848.785,142.839,194.947,3319.8,602.95,4289.13,999.205,33.9183,46.9337,22.7227,10000.0,354.704,101.7,580.308,216.981,1692.28,599.249,597.897,10000.0,800.441,722.061,873.992,542.827,1676.34,10000.0,420.192,10000.0,1408.69,783.472,920.645,52.6023,51.423,70.4241,514.038,10000.0,4877.68,10000.0,4401.53,300.591,266.381,1860.18
30ca21da9753263cc8cda020802b58ce,GP_500_200_20.cnf.xz,sat,sat,32.951,29.3122,29.9856,30.3635,30.1047,10000.0,10000.0,4117.64,10000.0,4764.07,10000.0,3702.49,4902.52,31.1149,10000.0,10000.0,10000.0,10000.0,10000.0,10000.0,10000.0,2876.21,10000.0,10000.0,2980.69,96.0533,96.1092,36.8725,30.3153,4029.89,4215.63,10000.0,3961.55,29.7936,29.2511,10000.0,10000.0,10000.0,10000.0,10000.0,10000.0,10000.0,3985.85,3974.76,3469.91,3316.25,4522.52,3284.79,2355.27,10000.0
3176c9024f756e99dbee852e5c0aa578,Break_triple_12_30.xml.cnf.xz,sat,sat,113.311,28.6298,21.6589,8.9945,43.6506,555.698,32.0135,59.0731,47.309,31.4635,31.7475,10.808,48.8727,9.53845,53.7014,40.9797,98.4686,90.0082,54.8857,116.274,92.2417,47.6309,22.3497,37.8847,40.4403,110.229,105.787,15.6751,28.1703,98.4775,63.1755,75.1101,409.679,101.743,35.1723,10000.0,64.682,57.7987,24.6429,26.0818,80.96,51.7068,60.1357,11.9348,3.17578,15.5765,25.798,67.0682,80.3214,35.5153
31cc22a0f42ebaa109a5b807eb6178c2,Break_20_54.xml.cnf.xz,sat,sat,10000.0,10000.0,10000.0,10000.0,10000.0,10000.0,10000.0,10000.0,2297.79,10000.0,10000.0,10000.0,10000.0,10000.0,10000.0,10000.0,10000.0,10000.0,3765.9,10000.0,10000.0,10000.0,10000.0,10000.0,10000.0,10000.0,10000.0,10000.0,10000.0,10000.0,10000.0,10000.0,10000.0,10000.0,10000.0,10000.0,10000.0,10000.0,10000.0,10000.0,10000.0,10000.0,10000.0,10000.0,10000.0,10000.0,10000.0,10000.0,10000.0,10000.0
324e19a2991a29d0765ad256fb7aee85,j3037_9_gmto_b.cnf.xz,sat,sat,645.658,133.343,136.935,927.905,503.508,10000.0,1130.51,76.6218,21.8559,104.294,75.0938,276.961,378.854,778.604,651.037,211.557,619.769,791.719,143.3,10000.0,864.691,1772.59,2127.87,2276.97,534.37,35.8092,116.403,159.179,2607.46,145.147,342.551,77.1424,3890.81,3268.51,2519.91,10000.0,161.402,508.121,634.275,229.103,81.3574,4050.73,38.071,259.803,280.657,339.025,42.9803,47.3894,379.45,73.7431
367c25ad50259a685a25b86d6dd171b2,GP_100_950_33.cnf.xz,sat,sat,43.1791,40.1258,38.1983,39.3797,38.8427,10000.0,4790.51,3199.58,2912.74,4754.57,10000.0,10000.0,10000.0,40.1549,10000.0,10000.0,10000.0,10000.0,10000.0,10000.0,10000.0,10000.0,10000.0,10000.0,1439.05,375.424,375.471,38.6363,39.7616,4202.21,10000.0,10000.0,10000.0,38.5174,38.1448,10000.0,2739.65,10000.0,10000.0,10000.0,1767.74,10000.0,10000.0,10000.0,10000.0,10000.0,10000.0,4486.69,10000.0,10000.0
36ecf4ba0451f40e4ede9a1b2ab914f7,af-synthesis_stb_50_200_4_sat.cnf.xz,sat,sat,160.964,61.5596,61.0549,63.1151,199.767,734.31,100.042,69.7473,181.815,96.4669,198.325,51.1195,40.9601,171.597,17.511,40.2788,219.026,410.867,154.674,278.691,882.401,791.668,624.065,787.281,316.708,64.6755,57.376,150.552,545.937,143.6,46.4749,151.523,646.196,676.789,156.002,439.026,38.3568,54.0427,40.5956,43.7017,77.4996,18.8362,72.319,66.0709,157.19,63.3003,158.444,70.6674,31.8365,176.744
3b97191d94abf3a5e97d6359d886d9df,summle_X111121_steps7_I1-2-2-4-4-8-25-100.cnf.xz,sat,sat,140.091,246.879,1051.4,230.218,228.055,1189.83,95.4648,400.825,66.3191,44.1671,394.525,175.146,24.0566,125.664,50.0335,445.477,148.548,386.372,356.846,276.022,66.0687,97.7401,414.614,351.822,38.2302,277.985,251.913,40.8245,643.392,166.641,12.0334,90.7165,93.833,835.527,1048.75,527.724,27.3147,1087.86,317.404,119.167,120.381,306.579,38.2698,42.8702,79.8714,115.381,49.0681,177.15,42.0581,142.91
3e2fe1556893706475f9dd19c1a7b8fe,mdp-32-12-sat.cnf.xz,sat,sat,477.16,4028.49,3938.5,2854.69,217.73,10000.0,691.065,3966.83,10000.0,2018.32,1226.65,1271.59,1707.15,4575.78,10000.0,10000.0,10000.0,10000.0,10000.0,10000.0,10000.0,10000.0,10000.0,10000.0,10000.0,1806.53,1802.57,1027.03,3163.3,2992.91,1185.2,2844.59,10000.0,10000.0,10000.0,4036.74,10000.0,1303.19,3477.69,2585.27,253.138,1013.1,3464.3,336.428,2411.46,1660.86,3207.4,3548.18,1132.12,836.098
3fb297f59ad2dc32fd3f79d61951d8cb,Carry_Bits_Fast_4.cnf.cnf.xz,sat,sat,1.74383,0.894272,0.893031,12.295,0.85046,71.4215,4.47577,11.3603,11.349,10.5602,11.368,3.87518,1.47579,3.75888,67.9785,6.90546,79.1984,8.8749,124.192,117.67,545.574,62.176,194.268,110.885,25.0792,4.15456,16.1881,1.85715,0.871681,6.40216,4.53191,0.410489,0.16345,4.85631,1.89944,8.77727,44.8077,1.932,6.53279,10.738,4.13388,9.97507,0.260841,3.21825,1.48695,0.274378,3.50254,1.44384,1.09079,11.6721
44ed91b4ca5a5d8323cab4c268d81fd1,grid-color-12-14-12-cb.cnf.xz,sat,sat,10000.0,10000.0,10000.0,10000.0,1840.79,10000.0,10000.0,10000.0,1847.28,10000.0,1865.19,10000.0,10000.0,1748.72,4290.58,44.6131,97.5576,10000.0,662.013,10000.0,3751.04,3417.84,10000.0,2714.73,722.259,3973.24,3998.52,2217.1,1865.82,815.679,10000.0,10000.0,1579.17,10000.0,10000.0,10000.0,10000.0,10000.0,872.156,10000.0,1111.45,31.663,191.041,10000.0,10000.0,10000.0,10000.0,906.258,4394.17,10000.0
4501f9a0e9fab5d5cff7133022b1f780,50bits_11.dimacs.cnf.xz,sat,sat,846.515,391.936,777.895,812.963,826.863,1851.67,384.657,470.756,1013.88,1422.82,1227.08,827.83,1322.78,467.637,636.191,1450.48,932.055,936.386,362.145,227.78,2074.65,659.657,153.367,66.8778,918.527,269.497,278.194,876.511,1313.25,246.327,163.786,1085.67,109.066,702.972,587.608,1247.03,1023.82,557.767,279.706,133.129,916.23,973.633,568.696,704.009,1541.49,440.993,605.922,1151.69,1221.05,724.73
4551c996fc6f5fbe62b43076abb25077,knight_18.cnf.xz,sat,sat,4821.41,10000.0,10000.0,10000.0,10000.0,2430.8,10000.0,1035.65,1471.11,1296.61,1592.25,10000.0,1958.1,4941.3,211.09,736.292,181.513,567.039,132.131,987.386,888.032,918.284,607.021,1683.39,2091.25,1872.52,10000.0,10000.0,10000.0,1676.48,792.862,1449.45,530.277,338.937,10000.0,3743.27,791.686,1343.89,10000.0,10000.0,10000.0,10000.0,1028.87,10000.0,10000.0,10000.0,10000.0,1227.17,1473.04,1547.51
47135a1fd4c86afbfec0c7879c45268b,SC22_Timetable_C_451_E_46_Cl_30_S_27.cnf.xz,sat,sat,10000.0,3658.08,10000.0,10000.0,10000.0,10000.0,10000.0,391.816,265.015,268.161,409.715,10000.0,10000.0,10000.0,361.298,540.896,290.576,163.058,287.146,175.827,231.483,3337.25,2682.81,1636.98,2684.71,203.259,297.032,10000.0,10000.0,559.959,483.449,591.535,10000.0,10000.0,10000.0,10000.0,10000.0,10000.0,10000.0,10000.0,10000.0,10000.0,407.014,10000.0,10000.0,10000.0,10000.0,224.53,136.138,10000.0
48e9f29a92930f1b367efc5754cb679b,af-synthesis_stb_50_80_7_sat.cnf.xz,sat,sat,179.149,342.638,448.241,406.864,591.665,399.102,185.844,193.696,139.32,30.8587,76.8474,4.19561,85.5116,229.395,478.399,61.9561,448.431,146.218,133.189,947.544,482.689,609.651,585.828,1596.06,899.649,262.648,231.841,116.509,134.954,303.299,191.435,302.32,164.12,248.794,145.295,439.275,18.1581,422.057,139.641,303.719,618.447,146.924,104.678,5.34684,173.807,91.0791,175.288,90.7206,139.388,480.977
49f5d904bb2e762219287d33f5621971,ITC2021_Late_1.xml.cnf.xz,sat,sat,15.2517,60.2436,175.226,17.4967,42.3527,428.177,16.7434,29.5272,9.80411,46.9889,47.1603,38.4449,105.683,20.4448,73.2928,211.511,73.0246,57.8364,72.953,232.428,58.8198,145.801,122.6,71.0877,226.074,41.7275,162.363,71.2374,72.3339,86.3282,41.6416,40.1736,458.989,227.013,163.869,10000.0,14.829,94.387,11.2916,37.2322,45.6893,29.2093,41.6954,25.6195,36.7871,12.7504,7.64017,30.4517,49.9705,65.4629
4b537d3c18082eb884bf9429b8146214,gaussian.c.75.smt2-cvc4.cnf.xz,sat,sat,264.569,371.052,285.396,377.572,454.615,10000.0,384.416,544.123,339.492,375.933,376.381,340.929,751.765,247.721,998.892,10000.0,467.772,399.901,508.19,795.863,872.883,541.75,591.996,533.285,543.389,680.984,484.514,666.72,224.869,420.617,565.973,362.157,1037.11,1103.09,707.684,2555.22,753.899,304.071,402.772,819.576,300.912,298.721,116.137,942.903,170.947,146.399,728.308,388.622,282.309,994.889
4db2404ba78dda6f3bc89a2b03057fd2,intel036_Iter109.cnf.xz,sat,sat,55.9858,61.4506,61.3138,18.2474,61.2019,10000.0,89.6133,56.7456,55.2829,54.9835,55.0397,91.9236,68.9433,57.77,104.244,3992.12,99.1813,92.8396,102.069,118.385,388.625,127.702,95.1169,66.1627,60.6771,22.0108,53.7007,59.9085,61.8215,70.3698,57.5785,69.6621,65.2986,28.0522,154.903,249.962,69.4451,52.2005,86.6972,92.4695,89.6107,125.53,50.9887,93.732,103.719,92.7227,112.287,59.7465,54.9665,95.4324
5099718e4b5b8fe2ba7f8b919fdfde2d,satcoin-genesis-SAT-5.cnf.xz,sat,sat,1.2681,1.23548,1.23042,0.897638,1.23283,10000.0,32.5138,178.958,53.7982,68.1762,68.1942,38.9776,52.0141,1.2393,99.0571,222.155,5.63589,5.62115,5.6321,3.52355,23.5836,6.34192,13.8384,263.093,202.642,9.21578,1.86567,1.24055,1.2522,45.6391,21.6632,24.635,10000.0,1.05332,1.19705,80.2126,45.1974,47.5361,33.1692,49.8721,7.41277,37.2428,71.1428,85.5058,29.4513,10000.0,49.8607,36.4642,77.2244,93.017
5457c05649be6f3bc4f743c5e6086a18,mdp-28-10-sat.cnf.xz,sat,sat,160.179,1155.97,704.171,615.638,788.57,1116.15,246.515,1818.69,34.7422,549.797,1419.79,116.609,1679.3,2236.76,200.922,2112.4,254.048,84.9001,575.05,608.379,1042.06,1143.91,394.389,403.559,2673.7,699.018,703.272,75.7201,384.29,328.525,372.477,192.343,1439.25,529.719,25.8425,83.2879,111.678,1829.5,216.122,682.194,838.472,986.381,145.025,264.739,724.746,1214.4,1089.35,236.087,61.9168,178.553
5573681b2f40d5d8b30267ac59987e40,Carry_Bits_Fast_16.cnf.cnf.xz,sat,sat,111.056,23.2173,26.2869,517.047,29.7106,10000.0,689.717,465.095,237.48,396.094,268.247,272.046,8.37177,129.738,10000.0,41.2483,10000.0,10000.0,10000.0,10000.0,10000.0,3628.74,10000.0,10000.0,10000.0,188.737,74.4314,105.382,27.8406,153.743,229.877,462.499,381.096,103.209,18.3367,68.0555,48.7909,247.925,828.468,78.2655,657.011,74.9106,39.6195,643.538,208.67,1035.48,213.231,355.328,498.108,56.7577
5601a7e094f61f3c5af461300c25243f,summle_X111107_steps8_I1-2-2-4-4-8-25-100.cnf.xz,sat,sat,696.182,132.482,1015.37,1058.33,216.292,10000.0,144.426,525.696,142.256,90.0586,247.04,1268.92,36.8898,577.838,65.9855,2458.81,219.983,263.214,271.85,351.069,401.648,978.712,133.485,337.099,2446.08,424.684,981.529,145.356,171.22,486.812,265.922,281.488,181.626,3035.37,807.537,10000.0,368.295,1912.76,144.014,219.521,64.8868,781.73,549.542,482.57,1026.77,288.968,552.896,853.571,144.217,689.922
5ac44f542fd2cd4492067deb7791629a,Carry_Bits_Fast_18.cnf.cnf.xz,sat,sat,9.62971,1.72157,3.02138,14.8396,14.8134,22.6187,4.67724,0.41042,0.398598,0.398824,0.399497,1.14329,1.72291,4.50175,153.993,4.21438,314.665,169.604,175.129,55.9018,248.726,165.603,124.264,31.4219,95.9169,12.671,12.9743,13.4181,3.05635,0.410866,0.410298,0.6749,0.058985,11.7423,1.11298,9.76595,9.46974,22.0453,7.90155,2.56097,2.62228,2.3029,7.04124,1.4563,9.0179,0.552956,0.480237,0.724954,1.41007,0.504427
5c5fa629c2c62723eb2d3388db264521,Wallace_Bits_Fast_3.cnf.cnf.xz,sat,sat,30.3069,11.0984,11.0332,326.007,340.814,10000.0,24.7798,20.6705,10.8063,19.8165,19.8179,50.0341,5.71057,21.9323,10000.0,61.5886,10000.0,864.957,10000.0,130.417,10000.0,775.023,2476.44,853.462,10000.0,61.1566,36.197,104.512,22.026,5.76479,34.1766,22.3841,10000.0,76.7007,92.0912,147.423,1414.97,12.6205,94.995,42.8271,20.8686,25.2234,12.0886,11.2856,27.7076,15.3111,34.0075,32.1895,68.2607,28.5757
5e25f9f0d4ef05401fd9ab45a2538c1c,summle_X111117_steps8_I1-2-2-4-4-8-25-100.cnf.xz,sat,sat,207.009,143.093,724.058,192.461,63.5866,717.387,166.25,211.545,130.853,93.501,208.601,72.5651,139.418,140.626,57.9909,163.777,74.4814,174.287,195.527,51.9511,89.1033,26.9464,71.7258,18.2815,42.4106,149.999,73.7149,37.9192,182.23,59.4669,260.859,265.135,49.81,12.2305,32.8623,583.692,121.168,47.337,21.1564,190.937,43.2488,51.5055,22.2713,81.2109,47.179,124.734,173.295,149.19,241.569,138.068
5e66b728b2445ec69f27e0f1a49f4b29,006.cnf.xz,sat,sat,2240.52,2994.49,10000.0,3837.23,10000.0,10000.0,1106.64,361.917,524.142,150.851,349.155,1728.99,1107.36,10000.0,603.836,1075.07,447.775,147.827,885.913,220.382,4285.16,51.0853,832.251,978.584,1620.11,3028.24,10000.0,10000.0,3691.08,4741.22,3894.48,1534.29,3905.93,10000.0,3894.12,10000.0,773.776,1433.33,1997.42,1777.02,2490.1,2543.48,1367.3,440.031,614.201,1219.23,2552.95,743.496,1677.67,1493.86
5e933a625099cc1ec6a8299a7848a2ae,Kakuro-easy-112-ext.xml.hg_7.cnf.xz,sat,sat,379.15,371.738,361.496,477.896,1176.96,191.748,274.284,212.436,152.5,205.416,206.411,168.777,235.833,382.565,206.08,418.142,372.718,202.669,204.363,389.085,358.677,600.453,322.341,423.228,573.435,287.372,897.49,361.76,218.618,86.0293,151.352,90.7436,248.655,1157.69,543.399,3302.1,51.2789,49.4016,289.782,270.233,339.813,166.033,152.71,112.708,176.281,172.558,214.893,146.021,250.358,179.57
5ff92b9fa31963608674761e0d71fce8,sv-comp19_prop-reachsafety.triangular-longer_false-unreach-call.i-witness.cnf.xz,sat,sat,790.486,300.658,1806.85,273.22,4049.51,1416.92,181.162,201.008,127.228,223.49,173.41,147.532,833.448,229.453,412.568,576.85,873.025,357.282,604.887,356.333,322.052,553.897,293.062,345.193,348.491,528.526,540.677,218.771,288.088,227.037,73.8251,282.127,413.284,302.733,67.0821,10000.0,1169.7,318.318,410.706,163.27,164.942,742.359,254.526,146.171,216.812,245.743,732.522,238.566,213.246,990.195
608941b989227d93c62b3a9b4280011b,summle_X8639_steps8_I1-2-2-4-4-8-25-100.cnf.xz,sat,sat,146.001,14.1087,14.6616,47.7492,53.4556,215.317,49.1465,46.6483,92.8764,73.5331,96.7184,42.6952,137.143,133.424,70.3083,107.451,36.6993,42.1225,41.3109,36.6614,40.8328,46.5499,50.8242,44.4419,53.922,244.254,100.021,49.4728,150.176,63.2075,45.0319,45.0893,15.2944,230.706,133.742,759.849,27.674,28.6433,47.6392,17.7869,37.3745,48.2833,23.2762,49.9949,63.8958,257.16,16.6819,105.295,41.8495,107.13
622787535593269d5e9a1dc4fe01c4af,atco_enc1_opt2_10_16-sc2014.cnf.xz,sat,sat,258.355,278.121,402.939,289.94,70.3705,10000.0,335.041,27.9361,231.518,238.322,28.3401,261.638,178.18,22.5593,181.199,130.012,614.049,363.259,1602.58,999.546,76.4094,620.224,199.324,403.128,584.44,142.99,243.746,315.662,62.2081,156.958,256.94,68.2606,525.163,1462.69,308.334,1233.26,270.19,389.943,125.063,50.8153,969.121,79.99,298.94,1258.64,377.812,570.964,323.106,108.085,310.626,587.965
6965d5369d3ab26daaf074303c3d1739,mp1-squ_ali_s10x10_c39_abix_SAT.cnf.xz,sat,sat,13.7289,48.8211,261.327,172.075,668.504,187.459,114.04,40.3421,34.5834,40.6892,348.527,108.438,295.441,251.206,4.22852,0.602586,14.0283,86.5337,14.099,170.401,1581.71,88.2161,197.804,46.3604,25.0436,70.4522,95.3302,90.8033,174.55,129.454,21.2023,68.8744,0.083152,51.273,91.6764,430.831,34.2712,32.7492,44.9933,3.98288,4.08283,4.06292,7.29765,142.184,189.714,236.685,248.086,116.285,36.4503,21.2888
6b0dfcfa8cf0c0564f17ec0a5434b5b9,ITC2021_Early_4.xml.cnf.xz,sat,sat,10000.0,10000.0,10000.0,10000.0,10000.0,10000.0,10000.0,2312.07,10000.0,10000.0,10000.0,10000.0,10000.0,10000.0,10000.0,3441.29,4462.49,1972.34,1658.08,10000.0,10000.0,10000.0,10000.0,10000.0,10000.0,10000.0,2766.61,10000.0,10000.0,10000.0,10000.0,4507.18,10000.0,10000.0,10000.0,10000.0,10000.0,10000.0,1223.3,10000.0,10000.0,10000.0,10000.0,10000.0,10000.0,4710.29,10000.0,2726.36,3326.81,10000.0
6b7e3415d7bd20be605b1f9723c43d68,Carry_Bits_Fast_5.cnf.cnf.xz,sat,sat,123.418,28.0068,100.152,95.6809,18.0258,10000.0,588.808,425.487,117.123,538.666,421.859,705.874,100.763,131.619,10000.0,190.708,10000.0,10000.0,10000.0,294.975,10000.0,10000.0,151.231,10000.0,10000.0,387.6,322.175,103.209,85.5723,752.54,495.956,326.08,1044.74,87.9117,373.138,216.487,257.401,455.296,430.45,596.435,493.886,350.841,1121.85,87.3146,497.265,434.648,456.615,591.361,89.9002,136.529
6c34b7032712e16b08d97a0449d610e2,puzzle30_sat.cnf.xz,sat,sat,126.802,162.931,166.463,421.206,110.458,350.374,1298.94,775.088,368.474,329.018,656.886,338.833,229.722,196.716,1072.73,419.66,647.566,1447.46,1784.18,10000.0,10000.0,652.103,1040.0,1942.18,4639.24,1010.15,1004.7,658.053,750.657,956.792,541.038,780.595,1796.92,96.7481,145.401,356.527,417.018,244.372,125.471,1667.6,1195.94,1326.39,1540.66,672.04,535.324,187.641,891.33,1133.42,744.625,430.115
6d815089fb4095208754622b4c44a8f7,Carry_Bits_Fast_12.cnf.cnf.xz,sat,sat,3.76298,1.21894,1.26463,4.1345,3.29975,2201.75,6.46426,0.273144,0.268605,0.264834,0.268806,0.221995,10.2736,11.3976,133.113,14.4459,255.933,163.733,8.55731,43.5574,40.6661,61.5619,158.818,295.466,60.4688,14.542,19.0423,2.50074,1.20812,0.276845,0.272496,0.847071,0.100458,4.36481,3.03351,0.207781,62.4387,9.44541,9.28912,2.96333,3.09562,6.48113,2.52086,3.02327,1.91924,4.2154,6.46435,6.30643,2.94799,11.015
6e1b970d637fca70d08b251766edade3,Nb8T61.cnf.xz,sat,sat,537.644,170.593,165.385,582.26,47.3926,0.503742,47.325,11.0,10.9174,10.7188,10.857,154.276,120.225,2616.54,113.751,2625.32,260.55,42.3097,76.1083,10000.0,10000.0,193.495,158.941,131.909,151.339,17.4699,17.713,48.8064,152.387,11.777,10.9364,10.7643,60.1314,10000.0,776.273,10000.0,306.04,990.777,72.2185,632.682,295.663,1966.54,11.1646,46.4031,118.188,453.583,10.4817,4550.95,4951.46,176.242
6fb0757ee018642fedd0669aad3882fe,grid-color-12-14-10-cb.cnf.xz,sat,sat,10000.0,10000.0,2851.38,681.586,2162.83,3021.85,10000.0,27.6144,10000.0,330.296,10000.0,10000.0,3673.56,10000.0,1243.25,1215.34,422.177,1700.73,10000.0,10000.0,10000.0,3113.34,10000.0,4726.61,1554.34,10000.0,10000.0,10000.0,2170.59,10000.0,10000.0,3417.71,10000.0,10000.0,10000.0,10000.0,10000.0,10000.0,10000.0,10000.0,10000.0,10000.0,10000.0,10000.0,10000.0,10000.0,10000.0,621.872,1952.71,10000.0
7016d1da3fdfe543de3b95f96a9ffe4c,summle_X8651_steps8_I1-2-2-4-4-8-25-100.cnf.xz,sat,sat,148.669,118.948,50.3163,11.8673,41.1642,286.89,59.4021,46.6255,62.4966,39.9616,66.7793,36.252,112.12,34.6405,29.955,99.9692,46.2198,30.318,18.876,141.426,58.3278,19.8878,82.4854,46.2496,20.7412,185.661,22.7951,153.619,45.0745,27.5867,58.284,39.6527,96.0451,33.6356,35.761,288.754,65.3002,59.4633,58.752,15.5902,36.7526,37.9558,45.4729,50.2967,120.821,40.5891,51.3959,66.8256,44.0812,41.2775
70289686a242c8380ca26bda45ad1278,summle_X111104_steps6_I1-2-2-4-4-8-25-100.cnf.xz,sat,sat,620.258,504.935,504.585,144.359,627.889,10000.0,149.277,804.638,385.77,734.102,809.789,315.687,583.419,458.345,582.938,308.181,13.4232,497.99,271.744,289.74,87.4551,165.061,196.517,256.691,44.3914,844.552,762.704,199.854,52.0469,696.994,139.453,314.797,417.873,611.887,184.353,725.57,25.4862,262.615,212.52,63.2506,431.285,55.7234,235.243,331.983,214.927,334.778,356.687,218.535,21.2928,483.439
72329bc80f5f55dcc356a22f3f11ebec,GP_200_313_5.cnf.xz,sat,sat,25.9733,24.045,24.0494,24.6587,23.6458,10000.0,1747.54,686.217,1836.28,3296.1,1168.69,1224.5,10000.0,24.462,10000.0,10000.0,10000.0,10000.0,10000.0,3897.99,10000.0,4584.2,4382.64,3186.67,3859.33,10000.0,4908.27,24.4838,24.5563,1803.01,10000.0,10000.0,4759.72,24.5257,24.0512,3306.13,1195.41,1148.52,1709.26,2001.95,1363.9,2959.13,917.424,4165.56,3479.84,2847.32,2390.72,3201.86,2708.08,1143.92
78a0e76b68b536e2ea7d801fc6061cd2,grid-color-12-14-14-cb.cnf.xz,sat,sat,10000.0,2061.57,10000.0,2512.53,375.846,10000.0,10000.0,403.39,1047.33,453.804,1037.54,10000.0,1080.86,2759.6,102.267,691.73,599.693,495.94,62.2601,10000.0,1351.07,363.78,2222.35,1797.84,3593.29,2360.28,2345.53,2382.36,2770.8,269.063,481.909,414.496,630.635,10000.0,10000.0,10000.0,299.944,758.832,2404.62,1095.58,41.3983,2094.81,462.157,4380.3,10000.0,10000.0,4909.86,304.44,307.328,3156.73
7a67847b81b414d659f005200cf56f6b,size_5_5_5_i198_r12.cnf.xz,sat,sat,40.4412,355.222,424.141,1391.8,391.262,1061.57,568.772,270.446,1042.36,2586.39,1056.47,260.878,225.965,10000.0,379.654,183.811,70.8016,202.445,446.367,10000.0,10000.0,646.082,282.221,854.587,552.335,3504.28,3500.26,348.451,3557.19,136.416,78.4071,130.484,1969.02,1211.38,1416.68,10000.0,1010.16,2174.8,804.94,545.494,277.719,1520.78,647.834,637.52,143.554,1013.59,1111.37,303.909,153.353,102.035
7ab6615515ffc5ceb8f6bd440d159c3d,pj2016_k80.cnf.xz,sat,sat,10000.0,10000.0,10000.0,10000.0,10000.0,10000.0,10000.0,10000.0,10000.0,10000.0,10000.0,10000.0,10000.0,10000.0,10000.0,10000.0,10000.0,10000.0,10000.0,10000.0,10000.0,10000.0,10000.0,10000.0,10000.0,10000.0,10000.0,10000.0,10000.0,10000.0,10000.0,10000.0,10000.0,1303.93,10000.0,10000.0,10000.0,10000.0,10000.0,10000.0,10000.0,10000.0,10000.0,10000.0,10000.0,10000.0,10000.0,10000.0,10000.0,10000.0
7acf6cf25ddaf2ab98106e0bb3b9ddb1,af-synthesis_stb_50_140_3_sat.cnf.xz,sat,sat,152.033,42.1037,84.239,11.9588,36.5304,114.911,6.1929,53.0111,46.0391,50.0088,12.7504,87.2809,16.703,54.8938,38.6801,17.0653,70.9315,117.779,39.4079,78.0815,416.715,490.145,124.357,300.399,268.881,21.017,100.05,15.7648,37.3557,12.1958,138.006,32.2965,21.9231,187.71,10.6537,244.825,19.1816,129.36,30.7112,81.8222,6.54199,8.30495,100.209,50.2024,10.1054,15.9347,39.7455,101.387,102.395,57.0273
7adc1ade3384505af00ff8f7be23f5bd,ex175_20.cnf.xz,sat,sat,893.205,1630.54,1018.84,361.007,859.777,537.5,412.198,206.625,206.465,286.25,291.516,272.066,54.0085,297.298,10000.0,383.384,160.648,168.752,159.181,695.22,518.342,533.655,693.01,749.2,742.914,634.528,319.715,287.055,383.033,256.782,204.641,197.181,99.8611,3702.79,596.323,3274.49,195.793,342.568,296.246,190.698,406.157,395.115,199.352,132.656,152.316,409.81,232.095,165.894,137.323,443.105
7af73f846548141cc97b8a149a20bfbf,vlsat2_57038_10572502.dimacs.cnf.xz,sat,sat,10000.0,10000.0,10000.0,10000.0,10000.0,29.242,252.112,18.354,17.3629,17.3706,17.284,4535.72,10000.0,135.345,317.199,83.9537,112.122,189.106,79.4274,10000.0,250.403,722.542,486.094,591.374,887.293,340.346,340.694,10000.0,10000.0,123.748,248.522,124.1,244.006,10000.0,10000.0,337.389,10000.0,10000.0,10000.0,10000.0,414.819,372.84,17.638,4503.99,193.723,682.274,2804.68,19.9005,25.238,10000.0
7b933d3e6b425772ed19eb0fec52bbf9,j3037_1_rggt_b.cnf.xz,sat,sat,227.105,163.257,160.793,151.226,575.996,671.027,131.741,25.2894,62.3402,39.3599,63.9497,194.749,65.3913,234.642,64.3934,80.4377,126.842,82.8491,114.925,575.256,66.5932,310.25,258.574,229.492,282.54,17.5667,144.729,568.316,600.524,139.096,175.2,28.4385,205.045,606.783,145.219,463.087,279.701,222.415,98.0725,266.934,75.9516,30.2772,240.101,260.06,21.9067,169.119,179.174,38.2078,12.9563,107.215
7c15baa29f2228703e5161bfabd91773,reconf10_140_queen6_1.cnf.xz,sat,sat,437.014,142.677,142.988,1017.31,291.226,10000.0,1164.08,188.471,336.262,761.433,1215.17,524.428,194.073,362.779,661.706,595.423,950.837,746.506,1600.66,397.987,225.666,2125.66,1023.27,2515.08,344.446,709.632,1165.89,279.368,454.187,172.597,180.998,308.763,488.965,10000.0,1346.34,10000.0,284.929,920.853,1209.66,1961.6,178.154,602.506,1279.68,462.61,313.832,486.647,640.184,1219.82,239.81,442.133
7c6a06895899eab7cb83b658898ac327,reconf10_145_queen6_2.cnf.xz,sat,sat,1187.69,1890.76,1434.69,60.4464,440.06,10000.0,1684.29,303.362,1778.21,884.032,1576.23,1321.39,1086.53,1262.71,594.091,713.389,322.03,1066.22,320.185,847.933,10000.0,828.001,625.928,200.405,2075.23,1115.07,607.166,1177.55,939.797,1031.41,571.362,285.909,1563.52,10000.0,164.03,10000.0,657.659,2067.73,755.231,332.163,235.289,2332.22,974.99,943.378,2527.35,682.447,2683.86,2170.13,2089.33,186.919
7d2199baf2526263b5f753d290d2790b,md4__zeroOut_19__freeIn_23__seed_2.cnf.xz,sat,sat,107.122,23.5339,23.5273,1008.37,1580.05,3803.41,1431.37,1789.19,527.86,1267.09,701.447,10000.0,642.496,220.138,1422.13,320.939,10000.0,847.078,589.93,1112.13,233.084,1546.63,10000.0,1966.95,698.073,659.55,2199.2,1686.83,4553.95,220.71,3951.59,388.646,2609.67,2721.85,106.223,1799.45,1244.59,1174.06,251.389,2811.99,4535.69,843.512,1143.47,1801.75,548.559,3037.45,794.151,2237.33,2334.59,37.7476
7efdf72de31fa82aeceb7acbc29a59bf,vlsat2_113_1150.cnf.xz,sat,sat,10000.0,10000.0,10000.0,10000.0,3219.65,41.2953,425.561,11.1794,11.2586,11.2192,11.1936,515.397,0.628168,3447.38,10.0632,9.12279,28.8619,11.5754,10.7384,33.3236,15.8088,8.39512,8.51608,8.42759,8.93282,242.854,243.069,10000.0,10000.0,11.7188,11.5895,11.7976,5.94054,305.306,10000.0,0.768466,10000.0,14.0763,126.561,382.17,3.53275,40.5208,11.3571,372.06,10000.0,700.712,378.237,0.637716,1.40368,3.94975
7f09f477d319cd79821c80504aa06a6e,Break_16_56.xml.cnf.xz,sat,sat,450.833,505.192,361.064,85.5273,69.2878,10000.0,47.1032,146.43,271.911,187.295,195.434,125.492,448.107,117.155,229.904,204.551,374.94,367.806,617.746,1305.77,1728.02,948.43,4715.09,1861.84,1775.34,306.949,300.942,517.635,256.532,351.565,268.717,123.799,10000.0,3081.55,1467.9,10000.0,2740.47,348.925,106.395,42.1874,195.081,38.9299,191.115,351.482,81.3132,309.182,101.252,45.9362,254.209,219.559
807133f4461a11e39a390dfcf67a4fc6,summle_X11113_steps8_I1-2-2-4-4-8-25-100.cnf.xz,sat,sat,57.1315,58.4226,60.2786,128.865,101.479,469.617,70.4413,43.2452,301.486,112.832,101.862,222.803,119.493,135.213,49.6713,120.795,104.827,116.173,18.71,67.7488,39.1326,48.6731,253.53,29.4513,35.5737,102.334,43.6721,16.3381,43.4378,63.9865,134.993,24.6589,25.0414,184.8,146.262,262.095,57.2467,29.6918,72.4306,40.861,25.6573,101.402,196.125,66.1284,215.489,42.2111,69.5969,37.763,44.9412,84.2917
810ce4a78bc01ddc5a043d95f9584f2f,005-80-12.cnf.xz,sat,sat,2459.43,1654.57,2949.2,2355.1,2894.93,10000.0,10000.0,3833.59,2630.85,3283.96,3855.86,10000.0,2743.47,10000.0,840.127,1581.53,634.803,655.546,798.943,432.344,844.619,733.517,689.768,767.38,635.398,3127.88,2514.8,2187.96,10000.0,2160.09,2693.99,2448.75,508.5,1925.49,993.349,3154.81,2327.55,2594.91,1139.26,10000.0,10000.0,4669.68,3244.85,10000.0,10000.0,10000.0,10000.0,2298.75,3123.07,2268.23
889b6d29998ade866e64c46f807a98bc,6s320rb1_Iter9.cnf.xz,sat,sat,66.9744,227.687,238.467,274.439,172.893,10000.0,167.806,326.339,303.606,227.91,315.189,353.189,2137.28,206.294,1351.89,1885.93,2184.17,1551.69,1427.18,390.287,670.616,1445.6,571.72,587.098,278.626,521.757,353.914,232.809,296.43,311.447,458.921,349.254,494.131,203.224,217.538,175.227,736.212,400.36,158.907,173.542,362.679,481.352,449.546,144.912,388.793,212.671,411.633,333.82,333.343,1287.29
8aee61ed27bf700a548ca9c097203749,SAT_MS_sat_snake_p01.pddl_39.cnf.xz,sat,sat,10000.0,10000.0,10000.0,10000.0,10000.0,10000.0,3938.12,10000.0,10000.0,10000.0,10000.0,1963.88,10000.0,10000.0,10000.0,10000.0,10000.0,10000.0,10000.0,10000.0,10000.0,10000.0,10000.0,10000.0,10000.0,10000.0,10000.0,10000.0,10000.0,10000.0,10000.0,10000.0,10000.0,10000.0,10000.0,10000.0,10000.0,10000.0,4637.33,10000.0,10000.0,10000.0,10000.0,3909.09,4829.45,3144.18,3843.01,10000.0,10000.0,10000.0
8bb5819a23a8f1dff851d608bec008ca,ITC2021_Late_6.xml.cnf.xz,sat,sat,39.3672,114.948,95.9541,32.5031,37.0251,1577.97,32.4318,42.6167,86.2767,94.2542,129.877,160.28,101.856,12.9828,66.6512,159.961,75.6067,109.921,75.4508,152.642,79.8123,371.341,259.88,229.554,311.56,52.7954,137.657,44.7652,45.4389,78.8331,74.974,84.4091,150.187,1224.49,319.595,10000.0,120.292,54.1086,67.8801,173.276,57.6927,116.481,79.9638,15.9397,13.0015,146.407,69.312,45.3111,20.4505,65.7444
918ca8da0cbca88dcd34b0a6dec2b770,GP_100_950_32.cnf.xz,sat,sat,41.1151,37.4829,37.3145,38.6742,37.6404,10000.0,10000.0,3161.31,10000.0,3383.93,10000.0,10000.0,10000.0,39.6259,10000.0,10000.0,10000.0,10000.0,10000.0,10000.0,10000.0,4905.52,10000.0,10000.0,10000.0,372.18,368.154,37.8783,38.7894,3815.91,10000.0,10000.0,10000.0,38.123,38.5976,10000.0,1751.82,10000.0,3794.34,4178.94,10000.0,10000.0,4299.18,10000.0,10000.0,10000.0,10000.0,2639.05,10000.0,4230.9
93695f689b57cdb57c9b6d0d726e0f53,Break_triple_18_48.xml.cnf.xz,sat,sat,10000.0,10000.0,10000.0,10000.0,10000.0,10000.0,10000.0,10000.0,10000.0,10000.0,4231.34,10000.0,10000.0,10000.0,10000.0,10000.0,945.863,3439.29,2112.29,10000.0,10000.0,10000.0,10000.0,10000.0,10000.0,10000.0,10000.0,10000.0,10000.0,10000.0,10000.0,10000.0,10000.0,10000.0,10000.0,10000.0,10000.0,10000.0,10000.0,10000.0,10000.0,10000.0,10000.0,10000.0,10000.0,10000.0,10000.0,4961.12,10000.0,10000.0
95c00d0ae51d5d0a2a931ce82b77701f,af-synthesis_stb_50_140_0_sat.cnf.xz,sat,sat,568.759,588.195,225.204,798.03,360.298,1787.84,10.8727,79.1893,77.7736,35.993,105.852,46.8852,175.89,972.804,118.265,296.978,88.9306,703.799,978.903,539.608,199.289,1051.76,550.899,800.722,1115.28,351.26,192.51,415.075,209.847,114.94,149.746,35.0131,46.3892,893.08,479.453,755.132,45.41,257.57,70.8584,56.6602,25.5958,6.52929,34.1039,39.313,62.5816,33.3431,112.608,151.868,118.522,72.5376
96f6aab24720f070a02e637f7252b482,grid-color-12-14-8-cb.cnf.xz,sat,sat,1537.63,10000.0,10000.0,1774.3,1776.55,10000.0,737.987,109.46,8.16091,8.15868,8.20943,765.804,722.723,443.346,42.5959,9.22983,1968.27,298.819,1249.42,2343.34,2836.91,993.043,677.422,2123.21,158.128,177.433,174.192,409.905,1771.94,412.229,242.202,759.447,1638.39,2546.62,10000.0,10000.0,92.9241,10000.0,10000.0,875.516,77.6959,52.4958,8.25166,842.61,112.913,3125.37,655.481,239.902,55.6347,10000.0
98dbd257808e551fd26cad78ba520955,ITC2021_Late_2.xml.cnf.xz,sat,sat,10000.0,3428.44,10000.0,10000.0,10000.0,10000.0,10000.0,4432.43,10000.0,3000.83,4188.51,10000.0,10000.0,10000.0,3542.65,1599.5,10000.0,10000.0,10000.0,10000.0,10000.0,10000.0,10000.0,10000.0,10000.0,10000.0,10000.0,4497.4,10000.0,10000.0,10000.0,10000.0,10000.0,10000.0,10000.0,10000.0,10000.0,10000.0,10000.0,10000.0,10000.0,10000.0,10000.0,10000.0,10000.0,10000.0,10000.0,10000.0,10000.0,10000.0
a44fce1796383ea31df08af3b0f65db3,soelberg_unit_159.cnf.xz,sat,sat,10000.0,10000.0,10000.0,10000.0,10000.0,10000.0,10000.0,10000.0,10000.0,10000.0,10000.0,10000.0,10000.0,4678.71,10000.0,10000.0,4072.28,10000.0,10000.0,10000.0,10000.0,10000.0,10000.0,10000.0,10000.0,10000.0,10000.0,10000.0,10000.0,3892.05,10000.0,10000.0,10000.0,10000.0,10000.0,10000.0,10000.0,10000.0,10000.0,10000.0,10000.0,10000.0,10000.0,2132.27,10000.0,10000.0,4897.3,10000.0,10000.0,10000.0
a4bffff28417d6b4d72f7b9122988ba5,reconf10_68_queen15_2.cnf.xz,sat,sat,569.909,204.163,766.099,586.924,213.351,4998.57,354.773,251.32,597.9,590.553,2289.46,203.746,163.157,566.671,600.054,413.663,445.948,2507.52,396.944,2645.11,962.289,2008.9,10000.0,2362.14,10000.0,1433.99,695.812,849.859,679.864,1661.9,400.363,765.962,722.781,848.479,531.691,826.889,832.633,797.045,746.671,84.9585,1176.74,665.098,1259.5,331.247,624.785,162.133,3348.69,554.505,433.885,592.942
aad5bbe8920c5afc84068bb1da27ee8f,LABS_n041_goal003.cnf.xz,sat,sat,4720.64,55.1711,62.4324,760.941,312.873,2012.93,185.434,84.8278,1659.35,1138.85,84.59,1260.07,2949.48,3993.32,602.296,2417.96,127.371,243.191,127.716,255.753,1251.25,10000.0,298.612,841.125,1636.9,3014.71,834.822,1885.86,929.118,883.931,689.959,2322.79,303.368,835.011,10000.0,606.788,221.466,10000.0,1413.92,2922.3,3131.62,540.057,628.56,3320.75,1922.23,93.5454,10000.0,4186.62,81.8137,10000.0
ac6256657058fe65dc7ddaf773ab83bf,SC21_Timetable_C_527_E_71_Cl_35_S_35.cnf.xz,sat,sat,140.648,150.666,275.475,117.951,112.487,10000.0,96.4561,273.082,505.184,288.266,338.86,121.816,173.888,122.926,209.018,588.135,76.8075,211.667,77.4392,222.828,352.218,705.468,380.03,183.56,781.26,96.991,365.704,129.217,125.77,531.193,637.138,564.202,53.7484,832.667,299.718,10000.0,255.605,10000.0,193.633,132.563,80.3795,127.147,405.196,96.7863,86.0033,99.7601,91.7556,277.405,321.341,289.266
af834fd3ce15078d2ab055c996758c00,sum_of_three_cubes_33_known_representation.cnf.xz,sat,sat,780.246,1523.18,10000.0,10000.0,10000.0,10000.0,734.416,10000.0,10000.0,10000.0,10000.0,10000.0,10000.0,10000.0,10000.0,10000.0,3918.68,1444.43,3532.18,10000.0,10000.0,2450.46,1607.3,1281.75,3034.21,1160.61,10000.0,10000.0,2170.88,10000.0,2191.83,815.944,3144.03,10000.0,10000.0,10000.0,10000.0,10000.0,10000.0,10000.0,4507.31,10000.0,10000.0,2400.34,1539.23,10000.0,2161.83,10000.0,10000.0,3857.72
b1c44904cf06682f973b60c8282f45e8,mp1-squ_ali_s10x10_c39_bail_SAT.cnf.xz,sat,sat,1393.94,1.64974,1.65301,50.5429,1.41903,155.507,50.9156,52.4095,2.82779,9.07911,131.407,33.5982,12.1697,906.785,0.055874,0.281742,3.70494,2.29964,3.71512,33.0897,1832.83,0.075839,0.075125,0.075731,0.075195,168.573,168.071,40.6838,49.2269,69.8725,10.1481,124.501,0.063928,351.235,262.76,240.759,52.4208,27.3024,3.22579,19.4069,0.317937,3.56,96.6755,76.893,22.7527,8.23737,1832.69,99.8932,29.3378,33.2915
b24684abee2e253a4aee233eed155a5b,GP_100_948_34.cnf.xz,sat,sat,33.7105,31.1683,30.8387,31.7658,31.5043,10000.0,10000.0,10000.0,10000.0,10000.0,10000.0,1439.39,10000.0,65.0296,10000.0,10000.0,10000.0,10000.0,10000.0,10000.0,10000.0,2146.83,2079.24,10000.0,2558.65,167.696,166.51,31.1006,31.5842,10000.0,10000.0,4832.82,10000.0,31.1562,30.6988,3591.18,10000.0,10000.0,10000.0,2348.59,10000.0,10000.0,10000.0,10000.0,2764.11,2797.04,10000.0,10000.0,10000.0,10000.0
b51583e32432c5778c7e3e996c3bfeba,sqrt_ineq_3.c.cnf.xz,sat,sat,76.7219,54.2972,54.1604,11.0867,82.2573,3458.0,16.8966,3.85487,14.461,9.87416,9.84325,34.1281,10.8491,12.3432,52.7079,328.901,5.86017,5.98648,5.51842,21.7374,281.472,171.133,141.138,144.193,155.584,22.7899,16.6418,10.07,67.3239,3.46188,13.3135,16.9079,20.8285,61.6042,70.5263,171.179,100.51,51.1872,28.2861,50.7944,19.4422,51.7962,88.1557,24.6425,30.3222,20.8946,49.6982,80.5706,17.4037,27.7388
b88d206fb35ef87bd7ec5d4a1430ae0c,20-100-p100-55_sat.cnf.xz,sat,sat,554.85,1754.18,1529.02,434.048,1783.48,10000.0,591.583,343.195,245.141,211.683,331.495,1325.49,1540.96,1540.23,985.812,374.126,89.9426,180.579,601.953,559.522,4757.11,1442.6,2102.79,633.63,1077.96,941.927,1347.07,1689.45,498.774,690.385,429.412,1071.54,923.01,1780.02,391.498,2178.45,1105.36,1814.08,264.296,300.254,512.844,1063.0,389.545,1642.76,203.566,304.428,527.537,828.601,892.048,602.614
b8e3b884886922343f5cb72d92c24b97,frb75-13-2.used-as.sat04-878.cnf.xz,sat,sat,779.846,53.4495,2227.27,504.361,9.80174,10000.0,2003.46,354.167,48.0306,496.79,47.7488,61.1619,669.053,343.819,95.5413,850.809,786.74,22.6453,755.945,2406.78,10000.0,280.437,167.912,126.108,104.283,393.97,402.469,248.746,992.286,168.594,342.393,630.098,3.44236,3300.75,1787.06,10000.0,16.6948,212.14,76.1019,730.724,104.123,1196.36,342.267,360.944,38.2724,100.372,206.55,272.436,275.584,263.851
ba8621490e4e7212fffdb55fb6bd282d,combined-crypto1-wff-seed-108-wffvars-500-cryptocplx-31-overlap-2.cnf.xz,sat,sat,74.1619,365.1,485.018,10000.0,399.947,10000.0,446.942,114.665,107.359,20.9979,60.8331,200.817,23.5108,537.034,27.764,15.6158,213.269,0.902128,28.606,10000.0,10000.0,116.129,44.2612,212.302,133.632,575.347,52.8354,88.4212,38.6909,21.2183,372.957,33.8788,1.81589,10000.0,10000.0,603.992,14.5161,41.2219,316.668,199.825,6.34631,1.90734,241.966,52.4213,70.2334,77.2205,104.624,590.622,167.857,15.4567
bc16508e3f279bec0a072b939bbe6440,af-synthesis_stb_50_40_2_sat.cnf.xz,sat,sat,467.36,480.406,538.067,627.916,416.913,806.665,29.2597,35.0586,272.351,82.6663,53.2572,420.503,166.396,46.2854,194.549,30.9891,1060.94,509.551,44.6777,523.694,1724.09,538.661,418.664,263.631,672.885,165.425,658.997,454.855,420.194,144.223,144.288,320.989,605.627,216.416,389.959,414.931,203.308,114.041,178.993,163.301,434.006,153.459,110.653,318.015,539.229,361.132,370.94,75.478,116.027,135.519
c0d927c372e355081aa1f537cc910843,GP_100_948_32.cnf.xz,sat,sat,33.8595,30.9359,30.6886,32.1702,30.5526,10000.0,3217.33,10000.0,10000.0,10000.0,10000.0,10000.0,10000.0,32.3789,10000.0,10000.0,10000.0,10000.0,10000.0,10000.0,10000.0,10000.0,4399.67,953.82,10000.0,166.915,166.799,30.5825,32.0548,10000.0,10000.0,10000.0,10000.0,31.1766,30.7168,10000.0,10000.0,3319.08,10000.0,10000.0,10000.0,10000.0,10000.0,10000.0,10000.0,10000.0,10000.0,10000.0,10000.0,10000.0
c1cb62f85f0c6a29c5d3c47d25fbc24a,Carry_Bits_Fast_23.cnf.cnf.xz,sat,sat,9.92429,2.75645,2.75986,19.5997,2.73418,2707.48,4.08341,11.0128,6.09083,6.15419,6.12251,2.49923,7.59184,3.67333,226.868,16.1167,171.697,337.868,595.736,431.391,911.886,8.05731,81.6967,39.0282,31.6811,18.9794,29.4805,3.03839,2.96193,7.45791,5.65483,6.33237,0.260176,47.225,3.83835,12.9606,6.87146,9.60745,6.15725,1.03417,1.02174,1.02717,6.58109,14.6683,9.76697,5.58203,5.66746,2.47236,11.015,9.00573
c2828483a78420f9a90e3ed9728c06cc,GP_100_951_37.cnf.xz,sat,sat,42.5004,39.1587,39.3265,40.3808,39.048,10000.0,10000.0,10000.0,10000.0,10000.0,10000.0,10000.0,10000.0,41.367,10000.0,10000.0,10000.0,10000.0,10000.0,10000.0,10000.0,4849.73,10000.0,1568.47,2363.58,434.47,432.342,39.1918,40.8741,2724.16,10000.0,10000.0,10000.0,39.5699,39.0766,4680.89,3785.52,10000.0,10000.0,10000.0,1996.9,10000.0,1651.52,10000.0,10000.0,10000.0,10000.0,10000.0,2966.89,10000.0
c2f827691e524e272d21de55b3749877,GP_100_951_35.cnf.xz,sat,sat,42.6775,38.678,39.5026,40.4124,39.2901,10000.0,10000.0,3730.73,10000.0,10000.0,10000.0,10000.0,1068.26,40.4026,10000.0,10000.0,10000.0,10000.0,10000.0,10000.0,10000.0,3315.46,10000.0,2992.87,2369.08,10000.0,10000.0,39.9466,40.2948,10000.0,10000.0,10000.0,10000.0,39.5267,39.002,4797.45,10000.0,10000.0,10000.0,1500.64,10000.0,10000.0,4083.94,10000.0,10000.0,10000.0,10000.0,4398.34,10000.0,10000.0
c5be40965caf3abdba3994ff3d1f32b6,grid-color-12-14-4-cb.cnf.xz,sat,sat,25.8042,578.61,3620.6,3063.26,528.07,10000.0,10000.0,137.392,202.904,61.7996,202.865,821.496,1323.27,2490.41,91.8775,46.9816,57.6428,124.06,303.209,10000.0,1247.47,775.77,179.533,1609.48,373.745,91.846,91.0298,513.923,520.229,167.794,290.1,608.332,1250.77,10000.0,2177.92,10000.0,324.892,582.249,944.182,54.6522,58.5463,41.9856,205.383,801.729,2725.46,1301.11,1066.04,510.876,131.806,10000.0
ccb55d1b802617fcb969e12859d66124,mizh-md5-48-2.cnf.xz,sat,sat,250.064,23.5486,23.3963,45.513,184.404,157.293,41.9195,892.921,175.238,119.639,178.238,370.814,89.6554,121.158,889.782,618.017,987.041,432.252,594.84,534.525,67.902,826.514,472.701,1044.02,1139.05,307.997,387.884,141.292,121.396,10.5169,780.012,130.337,91.8413,165.349,107.341,4720.64,93.3194,329.745,1039.21,163.132,169.496,415.099,225.202,115.944,198.922,426.198,126.392,78.5567,299.39,414.378
cd361d33986dccd7f2d86016d6c35241,ecarev-110-4099-22-30-7.cnf.xz,sat,sat,412.704,475.856,447.401,337.067,365.257,2740.52,452.137,378.397,353.656,349.542,378.896,396.154,342.355,375.143,632.76,2183.77,369.374,341.582,360.491,222.393,298.167,516.44,542.395,520.576,534.867,389.177,421.384,347.214,390.977,330.825,351.516,403.319,381.846,1189.5,417.929,960.935,303.554,324.332,444.651,450.442,483.383,444.196,345.024,410.31,367.565,423.105,512.836,328.906,325.15,306.365
cd36b290c27ed9bafedfb2ca88469f01,mdp-28-12-sat.cnf.xz,sat,sat,477.93,1662.38,2179.02,651.097,795.006,1882.5,235.141,3142.2,50.8253,289.828,1577.34,874.771,309.312,1193.1,725.507,536.155,655.248,223.121,2747.54,1263.27,10000.0,2131.38,3590.59,128.395,4.25778,1633.26,1699.85,1262.53,383.309,1425.09,422.151,1709.36,183.542,1013.0,215.971,74.1492,430.323,1744.7,21.4644,1018.99,605.554,392.086,822.054,293.004,233.043,3.05883,88.296,691.269,536.141,252.56
cd72a64e1b857fd30b9ec831cf462bf1,mp1-21.7.cnf.xz,sat,sat,563.188,35.5123,35.0915,492.479,149.514,372.213,23.1447,100.755,9.67014,60.9044,101.937,116.724,49.8934,556.502,40.951,45.5327,15.7584,74.6997,67.801,300.001,42.9174,27.6199,114.011,28.9104,207.488,8.12552,138.823,2516.56,716.307,68.3688,70.1784,87.2661,165.066,104.694,93.754,10000.0,23.5673,88.169,80.2376,66.2937,49.0831,16.4784,18.0688,37.0319,45.2353,64.1387,51.3303,104.085,66.7623,34.2595
cd7c8f8aa9901293a9bc31839eafcc40,reconf10_42_queen20_4_0961.cnf.xz,sat,sat,2284.93,2126.05,10000.0,2327.65,184.246,10000.0,10000.0,1785.01,3946.83,10000.0,1721.02,1261.28,201.877,3044.29,10000.0,635.382,10000.0,2210.94,1756.97,10000.0,10000.0,10000.0,10000.0,10000.0,10000.0,3220.47,1990.23,1878.37,901.177,3821.69,1775.23,3310.09,3154.99,4266.79,2080.27,3233.09,1102.95,195.23,3029.42,215.625,998.681,3228.99,10000.0,1624.09,1404.72,2012.66,4267.2,435.919,4155.27,2687.66
ce32731c73701c2ac2bed5341b6ae3ca,mp1-9_27.cnf.xz,sat,sat,346.393,336.103,105.117,220.57,65.8083,169.975,64.9682,96.0478,49.3914,65.8475,189.793,30.8774,44.2799,176.369,71.4316,2.89268,110.681,49.8645,110.407,41.5845,199.914,240.947,113.678,141.79,107.401,43.228,42.2706,506.63,512.691,228.032,306.281,73.8133,3.2485,1203.44,142.547,159.875,21.1451,245.646,4.59517,93.9333,51.2816,13.3039,238.013,103.752,18.6235,62.4699,67.8074,365.209,50.8821,129.761
ce4345ce697134021029c2686d5eb04c,Carry_Save_Fast_3.cnf.cnf.xz,sat,sat,20.6053,41.1505,40.5968,6.23665,25.9739,168.934,4.07164,29.2102,19.9001,21.7968,28.1909,25.1625,35.5543,2.74694,613.308,6.71366,447.289,213.134,420.372,153.902,10000.0,281.613,281.962,30.9287,168.861,46.7914,109.983,26.6953,24.4381,40.1614,46.255,1.78468,0.145797,23.3601,17.9211,11.202,69.0023,0.269745,2.4381,39.842,4.04485,7.80131,39.2714,5.5805,8.51617,0.594578,15.9612,4.27089,2.35389,13.8533
cfa14a7015b0f7fecd98e898f3c95896,velev-vliw-sat-4.0-b8.cnf.xz,sat,sat,97.5311,208.139,196.561,46.126,432.076,44.7838,116.128,107.845,50.2112,49.6571,50.4736,47.3,64.3438,259.532,234.966,505.143,183.065,90.5397,143.763,320.592,403.609,744.438,722.6,467.087,466.545,161.893,135.005,23.4624,147.412,7.90286,166.576,25.001,115.101,103.84,472.011,144.472,27.5331,10.8499,132.541,102.038,66.4047,57.9729,32.0711,26.0995,189.992,77.1704,56.9331,105.231,51.943,418.333
d065d395159d19735706e0b5cb823f17,af-synthesis_stb_50_20_8_sat.cnf.xz,sat,sat,242.149,391.834,146.99,32.8937,416.596,598.886,15.3487,12.4907,44.3757,157.116,142.051,60.4838,30.1886,74.621,397.245,18.9811,519.12,109.184,558.098,825.226,493.67,19.2623,1720.4,995.31,268.509,117.288,163.4,603.111,36.8874,155.082,6.73865,102.19,504.541,10.0976,294.722,990.868,364.901,240.877,196.001,63.3216,69.5899,186.97,34.8069,13.5859,15.099,149.939,28.4864,49.4553,70.8215,31.2886
d1a4dc04e54d4fa58dfbbf61bd2415b4,SC22_Timetable_C_451_E_50_Cl_30_S_28.cnf.xz,sat,sat,3180.45,790.281,339.943,567.548,839.302,10000.0,157.598,197.161,240.012,560.154,449.82,1580.69,2325.76,718.366,455.319,552.678,203.429,125.358,198.421,180.019,236.887,186.335,123.727,332.049,165.473,187.881,217.979,2155.24,2043.48,135.113,301.233,296.101,10000.0,10000.0,10000.0,10000.0,1447.79,10000.0,10000.0,237.899,180.877,3655.53,412.422,3286.61,119.595,10000.0,2568.41,93.2602,294.332,707.239
d32a1553afeebf44835370c9567b3598,cfi-rigid-t2-0048-01-or_3_shuffle_all.cnf.xz,sat,sat,377.439,48.6178,49.1135,657.967,171.255,51.428,192.145,107.581,391.114,390.438,390.644,109.047,12.8417,125.154,1204.65,61.935,1156.81,1188.04,1108.69,1204.83,1569.87,1353.3,1276.53,1204.99,1158.82,312.941,311.483,27.9248,174.844,48.806,297.711,106.543,1224.13,33.147,365.646,103.168,152.111,14.9427,114.03,161.081,43.8917,55.6151,38.2824,50.5327,74.3801,30.1815,53.1342,66.3486,36.7711,1310.89
d3c07914f3ebb42906b986aa431243af,summle_X8646_steps8_I1-2-2-4-4-8-25-100.cnf.xz,sat,sat,131.17,47.8426,48.6177,32.5425,13.3354,273.834,66.847,16.8184,25.6696,27.3231,27.292,42.2383,37.0058,59.5965,50.7751,82.4247,35.0101,17.5065,43.6415,71.1226,30.796,78.2934,22.7373,11.0161,17.8948,68.8027,87.3047,35.8854,42.4803,63.5315,43.4127,25.1598,15.0009,57.2086,18.7642,213.605,76.7511,50.1329,47.4929,42.6324,72.7542,41.7757,22.7024,59.9684,39.8181,21.7682,25.5508,66.0962,15.8594,36.7087
d60f78323b957025e55ca528d641b83b,SC22_Timetable_C_451_E_48_Cl_30_S_27.cnf.xz,sat,sat,10000.0,10000.0,10000.0,10000.0,10000.0,10000.0,10000.0,295.436,491.759,377.763,276.298,10000.0,10000.0,10000.0,617.029,664.884,376.662,384.647,367.526,353.629,541.436,323.192,4018.32,10000.0,10000.0,306.813,268.468,10000.0,10000.0,551.299,421.633,392.784,10000.0,10000.0,10000.0,10000.0,10000.0,10000.0,10000.0,10000.0,10000.0,10000.0,381.645,10000.0,10000.0,10000.0,10000.0,271.385,126.45,10000.0
d6947217ad779e1175c716cca42525c6,summle_X111113_steps7_I1-2-2-4-4-8-25-100.cnf.xz,sat,sat,707.539,939.414,65.6291,571.807,590.77,2434.67,27.6612,1330.2,849.326,404.228,1308.73,269.898,391.303,1753.77,121.773,70.1316,722.323,140.415,124.162,197.858,281.71,251.714,119.925,159.582,507.555,616.363,820.14,938.896,1011.48,388.747,1345.27,602.616,24.8605,150.843,951.119,414.2,579.297,512.474,663.937,357.356,67.5956,263.117,92.7701,735.066,136.974,1213.35,99.7362,431.113,987.522,757.962
d87714e099c66f0034fb95727fa47ccc,Wallace_Bits_Fast_2.cnf.cnf.xz,sat,sat,1.14809,2.06279,2.04283,5.37815,1.94656,32.0237,3.27665,8.85459,4.81966,4.85311,4.85335,19.9565,0.410795,3.31051,84.9973,4.12316,24.2703,138.294,158.841,54.8612,2.81604,136.388,13.5644,57.2288,40.6119,5.15221,1.37766,1.60575,3.35997,0.567225,4.3339,2.85897,0.073439,16.3292,0.824792,0.549575,3.87446,3.74724,3.59256,4.38324,4.12558,13.881,10.9781,2.20632,1.40594,8.12569,6.31502,1.13694,4.87557,4.98905
d892eb7b3b3a44192ee639e222eee058,reconf10_99_Ins_3_1.cnf.xz,sat,sat,490.669,735.027,186.073,1580.26,70.9261,10000.0,671.023,997.068,1832.97,533.707,523.084,1285.62,2656.58,465.976,648.55,552.386,4036.44,1192.8,10000.0,10000.0,2071.3,3262.16,99.6556,2414.91,1634.99,556.288,443.747,1377.29,1720.8,664.738,4720.65,258.885,849.058,1403.8,2495.77,3611.64,506.587,1667.65,350.785,1079.96,629.653,1014.44,2423.06,332.228,1005.46,790.654,519.618,9.3827,996.302,1465.97
d9e9100c382d44fb67af82f8d69814f1,cfi-rigid-t2-0048-03-or_3_shuffle_all.cnf.xz,sat,sat,300.061,338.535,161.41,105.098,289.297,16.139,240.246,40.3537,65.6837,65.4157,65.3865,85.4201,28.1372,222.237,1278.95,16.6844,1146.29,1096.56,1136.94,1204.91,1597.22,1205.34,1271.35,1359.91,1194.07,333.906,336.648,50.3643,391.502,414.428,64.6058,43.1659,1122.17,255.517,552.173,16.7218,129.167,54.8673,34.9812,254.3,70.5501,39.3098,30.7126,120.357,217.085,25.0325,14.3975,58.4864,104.612,1077.44
dcac26e190c906c61ac7222d6d4628c7,grid-color-14-14-12-cb.cnf.xz,sat,sat,10000.0,10000.0,10000.0,10000.0,10000.0,10000.0,10000.0,10000.0,10000.0,10000.0,4274.48,10000.0,10000.0,10000.0,10000.0,10000.0,10000.0,10000.0,10000.0,10000.0,10000.0,10000.0,10000.0,10000.0,10000.0,442.141,442.665,762.012,770.14,3132.76,565.372,10000.0,1310.0,10000.0,10000.0,10000.0,10000.0,4531.9,10000.0,10000.0,10000.0,10000.0,10000.0,10000.0,10000.0,10000.0,4343.28,10000.0,2882.24,10000.0
e01c39b7b41c9ff1621579b747254fab,ncc_none_3001_7_3_3_1_31_435991723.cnf.xz,sat,sat,863.338,1299.08,1303.53,703.828,834.053,4548.46,119.349,282.107,245.544,229.407,229.351,111.694,2279.97,1372.64,360.318,2317.97,1108.96,1068.3,1116.28,932.104,838.708,3055.0,1658.07,1546.69,1261.03,10000.0,10000.0,920.821,1320.69,247.493,299.481,197.852,3091.68,1487.22,1058.24,388.651,466.726,180.226,106.598,115.838,198.241,123.345,248.977,115.479,224.189,194.885,119.14,669.698,322.085,200.411
e0b938c32e36e2939d712dd4024f9ec6,j3037_9_mdd_b.cnf.xz,sat,sat,3300.59,259.081,722.832,855.292,702.578,10000.0,619.38,195.018,190.99,216.716,141.581,199.119,150.571,773.967,601.012,15.0597,433.798,205.043,297.024,10000.0,1694.97,390.678,3528.83,462.145,223.593,562.832,47.8277,3400.53,841.639,177.964,145.09,212.138,2182.82,10000.0,943.375,10000.0,75.3002,1300.24,788.243,428.883,660.496,658.689,40.1711,300.232,145.368,196.51,99.1422,34.206,132.604,222.225
e28cf003c086c99f3a3d9a90aebf8ed1,intel046_Iter124.cnf.xz,sat,sat,79.094,85.4651,62.7291,64.4427,67.1723,1339.16,67.627,70.5153,68.8741,76.8771,97.6774,55.8972,61.717,64.4594,108.857,212.321,343.899,105.973,135.067,89.3372,125.537,94.332,73.7477,86.1857,41.6101,41.1755,58.9909,67.9856,62.4946,44.999,55.8454,52.4485,77.3041,74.5432,80.3117,39.4349,75.2037,98.6093,52.5575,84.5745,68.9163,57.0008,78.2726,33.7758,38.9547,37.1441,65.2805,68.8762,56.977,57.4668
e7cd2c407974b35fa97f8e64a691bfa0,j3037_10_gmto_b.cnf.xz,sat,sat,93.6437,6.95058,6.87314,96.8608,198.108,89.2657,132.005,16.3322,39.0578,25.3947,25.2061,18.4045,21.468,231.69,134.858,24.7423,64.8663,27.1147,148.774,261.017,167.026,46.6917,159.774,112.178,210.37,30.7296,20.3452,91.1432,158.775,10.4266,40.4039,7.93965,88.5648,32.7364,90.0164,244.713,13.7686,26.1468,37.652,108.756,10.4333,180.239,61.8548,61.8876,41.6319,105.794,11.2887,23.8295,56.6067,14.9356
e85b6cb3e2751d5c80559433ba1adf06,vlsat2_24450_2770239.dimacs.cnf.xz,sat,sat,10000.0,10000.0,10000.0,10000.0,10000.0,12.5296,10000.0,20.2127,20.5878,20.5706,20.4753,653.081,1.05293,10000.0,44.2812,66.6868,79.6213,27.1925,21.7981,160.119,29.4191,703.43,519.253,1059.1,1005.88,614.172,615.851,10000.0,10000.0,19.5185,44.5374,19.6225,12.7393,10000.0,1968.67,30.3677,157.807,128.577,10000.0,10000.0,10000.0,847.088,20.1325,653.262,698.312,10000.0,10000.0,1.09942,31.002,4.14495
e8d9e3a985463b8e4f45b6e09b77bf6c,cfi-rigid-t2-0048-02-or_3_shuffle_all.cnf.xz,sat,sat,61.2039,116.862,189.727,224.661,345.915,106.203,208.109,129.665,596.445,599.776,598.534,133.324,40.6687,148.958,1169.6,29.0665,1147.23,1086.23,1051.28,1248.99,1578.18,1166.66,1112.43,1155.96,1153.95,37.3516,37.5675,178.065,349.646,307.207,17.7088,24.6267,1067.6,46.6371,39.0504,19.7406,55.0542,62.9514,83.7286,38.0971,86.6815,29.359,15.0108,4.30099,55.1892,25.6381,61.5423,14.6065,145.314,1015.06
e97ebde59cb17ef6f7c4430224b21ed1,grid-color-14-14-8-cb.cnf.xz,sat,sat,10000.0,10000.0,2209.84,10000.0,10000.0,10000.0,10000.0,488.988,674.968,4626.39,4461.16,10000.0,10000.0,10000.0,10000.0,10000.0,10000.0,3522.33,212.459,10000.0,10000.0,10000.0,10000.0,543.759,10000.0,2850.29,2850.41,10000.0,10000.0,10000.0,962.733,10000.0,10000.0,10000.0,2925.75,10000.0,10000.0,1831.74,1311.37,828.366,153.843,640.478,10000.0,10000.0,511.744,10000.0,10000.0,126.04,3082.74,10000.0
e992a45933d191dc4fbe8cc4836109f8,sum_of_three_cubes_165_known_representation.cnf.xz,sat,sat,3540.22,10000.0,10000.0,10000.0,10000.0,10000.0,10000.0,10000.0,10000.0,10000.0,10000.0,374.608,10000.0,10000.0,973.948,10000.0,10000.0,1777.46,10000.0,10000.0,10000.0,2067.1,1752.17,876.721,847.038,10000.0,3638.24,10000.0,10000.0,10000.0,295.871,10000.0,293.128,10000.0,10000.0,10000.0,960.292,10000.0,10000.0,10000.0,3571.96,10000.0,10000.0,10000.0,10000.0,10000.0,10000.0,10000.0,10000.0,10000.0
e99ce61fe251b404ec85f6246fd4bb19,Wallace_Bits_Fast_7.cnf.cnf.xz,sat,sat,5.12197,6.26723,6.21182,1.02392,3.51913,10000.0,4.55539,13.125,5.30533,6.22687,6.11736,3.93073,10.0449,5.65925,10000.0,12.6473,10000.0,2716.49,66.0764,90.2834,10000.0,278.616,157.417,634.548,286.79,6.12932,2.71161,5.9053,1.23326,3.69128,1.497,2.66395,4.78402,93.8062,3.84903,19.0212,99.0429,10.6565,8.60891,3.92423,2.5125,3.50873,0.729457,2.06564,1.55961,2.12936,2.39725,3.8668,4.34266,39.0755
e9b4369f9a98e397ac69eb7740ffef49,Carry_Save_Fast_2.cnf.cnf.xz,sat,sat,22.7961,5.92992,9.88768,85.5994,7.32618,10000.0,209.677,130.526,69.8945,126.073,131.078,14.4297,92.6503,24.733,1616.01,465.769,10000.0,10000.0,10000.0,249.595,10000.0,999.736,1523.0,852.929,853.185,94.9178,165.511,25.427,34.6011,118.267,378.363,420.617,0.149813,99.0358,7.26661,601.059,69.164,140.141,90.499,145.638,750.635,103.725,64.8685,5.49618,245.987,44.8279,81.5722,10.5639,61.4095,106.731
ea8a79747c7ab142a897b7e8e638245f,j3045_4_mdd_b.cnf.xz,sat,sat,724.701,571.481,610.808,138.184,425.154,1094.28,160.282,518.361,206.496,131.85,209.903,276.091,271.017,671.31,1882.15,121.305,292.615,990.224,81.1045,1763.23,586.178,1542.56,2460.31,420.545,1771.5,62.2654,298.541,1024.94,770.279,153.961,111.105,285.304,148.029,181.997,709.818,1365.96,26.5335,100.073,160.152,219.3,122.058,92.4484,17.5655,36.3159,67.1463,296.797,282.603,253.003,87.2237,256.08
eb8a25e0db5d0605e3e15670f7a07f27,grid-color-14-14-2-cb.cnf.xz,sat,sat,10000.0,10000.0,10000.0,10000.0,10000.0,10000.0,10000.0,603.804,10000.0,2173.08,2176.39,10000.0,10000.0,2430.53,10000.0,10000.0,73.6381,10000.0,1490.62,10000.0,10000.0,10000.0,10000.0,10000.0,10000.0,384.67,386.504,10000.0,10000.0,3006.56,10000.0,3227.55,10000.0,10000.0,10000.0,10000.0,10000.0,10000.0,642.061,10000.0,152.432,71.509,10000.0,10000.0,10000.0,10000.0,10000.0,1462.12,1548.33,10000.0
ed410c758e5025f1bb97922574d1c2ff,reconf10_86_sp003_1.cnf.xz,sat,sat,1948.76,1156.49,1898.87,1799.07,1603.82,10000.0,987.246,951.638,1261.6,1085.54,1000.62,918.0,1737.17,1763.72,3869.56,3962.59,4367.44,10000.0,3503.67,1657.15,10000.0,3624.23,10000.0,10000.0,4638.33,1448.79,1026.21,1877.92,1153.22,967.065,1176.17,937.906,1231.3,1572.08,836.822,726.357,1458.9,879.376,1125.83,969.133,1278.15,996.139,1045.07,881.958,1037.24,802.914,1484.58,895.051,988.055,2475.28
f0f279c7d5043e783f73237cf6bddf33,Break_triple_20_72.xml.cnf.xz,sat,sat,10000.0,10000.0,10000.0,10000.0,10000.0,10000.0,10000.0,10000.0,10000.0,10000.0,10000.0,10000.0,10000.0,10000.0,2847.0,1298.32,979.019,4066.43,10000.0,10000.0,10000.0,10000.0,10000.0,10000.0,10000.0,10000.0,10000.0,10000.0,10000.0,10000.0,10000.0,10000.0,10000.0,10000.0,10000.0,10000.0,10000.0,10000.0,10000.0,10000.0,10000.0,10000.0,3366.12,10000.0,10000.0,10000.0,10000.0,10000.0,4150.76,10000.0
f1afd5e8d4b842c15c6a2c420b2b2dba,pj2018_k10.cnf.xz,sat,sat,516.973,362.766,366.502,445.557,628.43,10000.0,273.957,948.812,398.327,925.467,934.766,542.492,598.871,677.805,1695.26,1394.96,10000.0,2505.72,1722.1,1280.05,2567.27,1759.44,2366.62,2214.15,690.064,527.139,557.428,349.048,237.756,850.627,274.49,715.661,1914.91,480.789,554.743,288.427,944.911,434.103,509.038,195.036,767.46,579.207,835.914,550.08,564.44,626.347,963.919,526.903,658.934,646.558
f2a73aa514c859c91db462e1e2a1315b,af-synthesis_stb_50_140_1_sat.cnf.xz,sat,sat,170.1,216.434,206.794,38.3262,58.3789,574.524,285.944,136.612,70.1364,46.2878,177.731,22.3926,67.9178,545.878,122.079,84.8222,256.622,94.7233,155.745,211.079,227.904,760.256,638.5,804.813,271.46,444.584,85.7097,517.617,225.48,48.6657,6.50677,295.851,130.138,788.038,483.523,402.539,249.562,168.408,36.0355,126.07,69.0903,72.5466,95.8564,309.459,66.6707,57.5568,177.813,274.791,48.513,33.9943
f5f1d6a47ed7449a18d872a3f93d8aa5,GP_120_400_15.cnf.xz,sat,sat,15.3012,13.7763,14.027,14.3469,13.961,10000.0,681.653,1045.86,1379.97,672.573,1243.4,569.49,910.782,14.3494,10000.0,10000.0,2412.34,3406.65,3476.12,2486.82,4678.23,1933.0,1816.0,1669.75,422.105,46.0794,46.5023,14.2231,14.1671,2252.17,2924.76,4460.96,1746.47,14.0122,13.881,846.531,1160.04,1584.16,10000.0,1081.95,3749.91,3144.08,1482.39,1831.56,847.257,850.649,10000.0,1758.11,1034.28,2190.38
f8b7241f662ab4d36337b74bb7984122,summle_X111119_steps7_I1-2-2-4-4-8-25-100.cnf.xz,sat,sat,680.861,627.548,240.82,281.959,603.478,2635.88,145.517,66.1565,331.259,163.214,66.0951,208.796,93.3597,54.3719,304.075,66.9935,101.717,90.4115,580.176,111.348,445.315,337.853,278.453,56.5384,43.5041,314.075,173.355,47.531,209.983,144.98,122.143,190.449,176.953,214.274,709.226,578.297,295.297,66.2646,166.076,171.142,145.777,166.054,384.895,32.7249,112.855,48.0216,301.25,297.354,36.1412,16.2999
f9dd957b2f5940a3e3adaa2eeaaba011,mdp-36-12-sat.cnf.xz,sat,sat,10000.0,10000.0,10000.0,10000.0,10000.0,10000.0,10000.0,10000.0,10000.0,10000.0,10000.0,10000.0,2235.42,10000.0,10000.0,10000.0,10000.0,10000.0,10000.0,10000.0,10000.0,10000.0,10000.0,10000.0,10000.0,10000.0,10000.0,10000.0,10000.0,10000.0,10000.0,10000.0,10000.0,10000.0,10000.0,10000.0,10000.0,10000.0,10000.0,10000.0,10000.0,10000.0,10000.0,10000.0,10000.0,10000.0,10000.0,10000.0,10000.0,4755.33
fb5cf4ad3c46dd294eb8253218524ba6,cfi-rigid-r2-0072-01-or_3.cnf.xz,sat,sat,118.169,486.478,111.412,345.153,289.899,33.482,55.7967,48.4824,88.0313,88.0621,87.8055,160.823,13.7348,475.747,269.633,106.403,287.894,276.967,234.067,401.745,332.387,289.253,293.976,258.596,267.192,231.487,228.84,1137.18,301.694,58.6001,64.2108,196.742,231.583,20.0256,234.284,119.388,59.5096,73.7313,234.044,230.562,28.3473,59.1259,45.6779,43.4276,32.6815,330.64,254.084,36.1953,41.6818,775.389
fca7a5a04aaed5f0eacccc4139dc894a,satcoin-genesis-SAT-8192.cnf.xz,sat,sat,427.51,355.126,352.806,286.934,356.694,10000.0,10000.0,10000.0,10000.0,10000.0,10000.0,10000.0,930.242,10000.0,270.059,1682.26,50.3342,736.779,49.4463,516.106,10000.0,202.411,590.539,482.787,1200.31,451.713,385.873,363.922,394.886,10000.0,10000.0,10000.0,10000.0,163.529,234.582,10000.0,10000.0,10000.0,10000.0,10000.0,769.002,10000.0,10000.0,10000.0,10000.0,10000.0,10000.0,10000.0,10000.0,791.04
fdfd5975c57d7cd2264ef6aff6cb4815,SE_PR_stb_588_138.apx_1.cnf.xz,sat,sat,239.121,393.343,529.506,454.827,641.703,10000.0,1293.21,97.1133,1.79927,1.79679,1.83245,188.955,50.1345,467.57,556.672,3081.23,351.347,85.3929,424.831,114.883,387.657,1.35744,1.37989,1.37054,1.35918,654.21,649.245,939.505,145.721,39.656,191.83,215.621,167.326,10000.0,10000.0,185.434,2.02771,190.131,38.2889,138.504,355.351,94.617,191.748,678.872,1219.11,107.836,926.601,154.036,256.036,107.492
fe96b630b3e761821308b544368dd521,GP_100_950_34.cnf.xz,sat,sat,40.9247,37.3854,37.9635,38.6465,37.7095,10000.0,2485.77,10000.0,3565.05,3121.91,2002.71,10000.0,10000.0,39.652,10000.0,10000.0,10000.0,10000.0,10000.0,10000.0,10000.0,10000.0,10000.0,10000.0,10000.0,370.719,371.839,38.0355,38.684,10000.0,10000.0,10000.0,10000.0,37.8123,37.3666,10000.0,10000.0,10000.0,10000.0,10000.0,10000.0,10000.0,10000.0,10000.0,10000.0,10000.0,10000.0,10000.0,10000.0,3715.36
fec4ba2cf2416933dcf7b8153be97344,bz-X-4-7-6.cnf.xz,sat,sat,10000.0,10000.0,10000.0,2270.38,10000.0,10000.0,10000.0,1203.79,331.538,829.583,1230.08,177.084,604.48,10000.0,10000.0,2801.89,2913.61,10000.0,10000.0,10000.0,415.091,10000.0,10000.0,4564.87,10000.0,1558.94,1281.04,10000.0,1856.31,334.768,10000.0,1178.23,10000.0,4750.24,3785.22,10000.0,235.402,10000.0,69.4006,215.476,2055.82,86.2003,414.741,2242.52,10000.0,10000.0,1147.34,3311.89,2629.01,1478.14
fee70cede2b5b55bfbdb6e48fbe7ce4f,DLTM_twitter690_74_16.cnf.xz,sat,sat,767.54,688.239,836.293,575.577,84.7544,898.296,144.469,512.986,289.3,50.9248,50.5509,1194.15,4190.22,218.348,162.653,623.59,149.99,459.555,150.305,1131.21,10000.0,422.183,435.247,808.099,729.406,523.705,185.295,99.3897,224.712,135.761,10.0362,228.404,680.956,1098.05,303.438,818.678,10000.0,212.678,132.5,818.726,262.965,363.848,260.694,402.413,158.72,296.734,236.173,204.269,198.891,2155.48
fff3f8c76467cdf9d92689969fd94281,mod2c-rand3bip-sat-240-2.shuffled-as.sat05-2519.cnf.xz,sat,sat,451.027,346.274,117.463,483.062,105.043,1692.94,266.868,230.855,578.905,175.029,432.877,429.551,215.002,227.366,1009.52,1396.33,920.748,75.0079,988.356,294.468,1664.61,231.973,615.561,558.566,56.7045,88.5565,88.6651,367.815,961.939,229.902,502.656,142.828,866.068,1009.67,428.896,340.925,17.6527,710.064,2001.92,792.291,453.461,85.5189,6.29327,378.764,21.3312,210.302,251.345,951.823,348.016,570.626
